mall_name,event_title,event_id,duration,detail_url,thumbnail_url,benefit_summary,target,detail_images
HMP,한미OTC_이달의품목이벤트,,,https://www.hmpmall.co.kr/bpco/otcHanmiThisMonth.do?skip=&max=15&evtDivCode=2560001&eventId=otcThisMonth&menuId=&subMenuId=&pageDtlNum=undefined,https://www.hmpmall.co.kr/statics/imgs/bpco/img_6782.jpg,,,D:\Users\Desktop\pico\quasi_drug\data\hmp\events\한미OTC_이달의품목이벤트_4180_1.png|D:\Users\Desktop\pico\quasi_drug\data\hmp\events\한미OTC_이달의품목이벤트_4030_2.png
HMP,[의약외품]26년 6월 월간이벤트 대성메디 대표,4877,,https://www.hmpmall.co.kr/promotion/promotionList.do?prmtId=76866,https://www.hmpmall.co.kr/upload/event/4877/4877_REAL_752.png,,,D:\Users\Desktop\pico\quasi_drug\data\hmp\events\[의약외품]26년 6월 월간이벤트 대성메디 대표_4180_1.png|D:\Users\Desktop\pico\quasi_drug\data\hmp\events\[의약외품]26년 6월 월간이벤트 대성메디 대표_4030_2.png|D:\Users\Desktop\pico\quasi_drug\data\hmp\events\[의약외품]26년 6월 월간이벤트 대성메디 대표_76866_3.png
HMP,[더나은] 에스에스메디 2026.06,4876,,https://www.hmpmall.co.kr/promotion/promotionList.do?prmtId=76949,https://www.hmpmall.co.kr/upload/event/4876/4876_REAL_146.png,,,D:\Users\Desktop\pico\quasi_drug\data\hmp\events\[더나은] 에스에스메디 2026.06_4180_1.png|D:\Users\Desktop\pico\quasi_drug\data\hmp\events\[더나은] 에스에스메디 2026.06_4030_2.png|D:\Users\Desktop\pico\quasi_drug\data\hmp\events\[더나은] 에스에스메디 2026.06_76949_3.png
HMP,[더나은] 뉴케어 2026.06 (연하퍼펙트),4875,,https://www.hmpmall.co.kr/promotion/promotionList.do?prmtId=76827,https://www.hmpmall.co.kr/upload/event/4875/4875_REAL_768.jpg,,,D:\Users\Desktop\pico\quasi_drug\data\hmp\events\[더나은] 뉴케어 2026.06 (연하퍼펙트)_4180_1.png|D:\Users\Desktop\pico\quasi_drug\data\hmp\events\[더나은] 뉴케어 2026.06 (연하퍼펙트)_4030_2.png|D:\Users\Desktop\pico\quasi_drug\data\hmp\events\[더나은] 뉴케어 2026.06 (연하퍼펙트)_76827_3.jpg
HMP,[더나은] 아임케어 2026.06 (카카오),4874,,https://www.hmpmall.co.kr/promotion/promotionList.do?prmtId=76952,https://www.hmpmall.co.kr/upload/event/4874/4874_REAL_158.jpg,,,D:\Users\Desktop\pico\quasi_drug\data\hmp\events\[더나은] 아임케어 2026.06 (카카오)_4180_1.png|D:\Users\Desktop\pico\quasi_drug\data\hmp\events\[더나은] 아임케어 2026.06 (카카오)_4030_2.png|D:\Users\Desktop\pico\quasi_drug\data\hmp\events\[더나은] 아임케어 2026.06 (카카오)_76952_3.jpg
HMP,[더나은] 아임케어 2026.06,4873,,https://www.hmpmall.co.kr/promotion/promotionList.do?prmtId=76970,https://www.hmpmall.co.kr/upload/event/4873/4873_REAL_18.jpg,,,D:\Users\Desktop\pico\quasi_drug\data\hmp\events\[더나은] 아임케어 2026.06_4180_1.png|D:\Users\Desktop\pico\quasi_drug\data\hmp\events\[더나은] 아임케어 2026.06_4030_2.png|D:\Users\Desktop\pico\quasi_drug\data\hmp\events\[더나은] 아임케어 2026.06_76970_3.jpg
HMP,[더나은] 원글로벌넷 2026.06,4872,,https://www.hmpmall.co.kr/promotion/promotionList.do?prmtId=76968,https://www.hmpmall.co.kr/upload/event/4872/4872_REAL_969.jpg,,,D:\Users\Desktop\pico\quasi_drug\data\hmp\events\[더나은] 원글로벌넷 2026.06_4180_1.png|D:\Users\Desktop\pico\quasi_drug\data\hmp\events\[더나은] 원글로벌넷 2026.06_4030_2.png|D:\Users\Desktop\pico\quasi_drug\data\hmp\events\[더나은] 원글로벌넷 2026.06_76968_3.jpg
HMP,[의약외품]26년 6월 월간이벤트 전체,4871,,https://www.hmpmall.co.kr/promotion/promotionList.do?prmtId=76950,https://www.hmpmall.co.kr/upload/event/4871/4871_REAL_901.png,,,D:\Users\Desktop\pico\quasi_drug\data\hmp\events\[의약외품]26년 6월 월간이벤트 전체_4180_1.png|D:\Users\Desktop\pico\quasi_drug\data\hmp\events\[의약외품]26년 6월 월간이벤트 전체_4030_2.png|D:\Users\Desktop\pico\quasi_drug\data\hmp\events\[의약외품]26년 6월 월간이벤트 전체_76950_3.png
HMP,[의약외품]26년 6월 월간이벤트 헬스인팜,4870,,https://www.hmpmall.co.kr/promotion/promotionList.do?prmtId=76877,https://www.hmpmall.co.kr/upload/event/4870/4870_REAL_372.png,,,D:\Users\Desktop\pico\quasi_drug\data\hmp\events\[의약외품]26년 6월 월간이벤트 헬스인팜_4180_1.png|D:\Users\Desktop\pico\quasi_drug\data\hmp\events\[의약외품]26년 6월 월간이벤트 헬스인팜_4030_2.png|D:\Users\Desktop\pico\quasi_drug\data\hmp\events\[의약외품]26년 6월 월간이벤트 헬스인팜_76877_3.png
HMP,[의약외품]26년 6월 월간이벤트 이팜 전체,4869,,https://www.hmpmall.co.kr/promotion/promotionList.do?prmtId=76869,https://www.hmpmall.co.kr/upload/event/4869/4869_REAL_16.jpg,,,D:\Users\Desktop\pico\quasi_drug\data\hmp\events\[의약외품]26년 6월 월간이벤트 이팜 전체_4180_1.png|D:\Users\Desktop\pico\quasi_drug\data\hmp\events\[의약외품]26년 6월 월간이벤트 이팜 전체_4030_2.png|D:\Users\Desktop\pico\quasi_drug\data\hmp\events\[의약외품]26년 6월 월간이벤트 이팜 전체_76869_3.jpg
HMP,[의약외품]26년 6월 월간이벤트 이팜 비디,4868,,https://www.hmpmall.co.kr/promotion/promotionList.do?prmtId=76849,https://www.hmpmall.co.kr/upload/event/4868/4868_REAL_673.jpg,,,D:\Users\Desktop\pico\quasi_drug\data\hmp\events\[의약외품]26년 6월 월간이벤트 이팜 비디_4180_1.png|D:\Users\Desktop\pico\quasi_drug\data\hmp\events\[의약외품]26년 6월 월간이벤트 이팜 비디_4030_2.png|D:\Users\Desktop\pico\quasi_drug\data\hmp\events\[의약외품]26년 6월 월간이벤트 이팜 비디_76849_3.jpg
HMP,[의약외품]26년 6월 월간이벤트 이팜 노즈킹,4867,,https://www.hmpmall.co.kr/promotion/promotionList.do?prmtId=76848,https://www.hmpmall.co.kr/upload/event/4867/4867_REAL_746.jpg,,,D:\Users\Desktop\pico\quasi_drug\data\hmp\events\[의약외품]26년 6월 월간이벤트 이팜 노즈킹_4180_1.png|D:\Users\Desktop\pico\quasi_drug\data\hmp\events\[의약외품]26년 6월 월간이벤트 이팜 노즈킹_4030_2.png|D:\Users\Desktop\pico\quasi_drug\data\hmp\events\[의약외품]26년 6월 월간이벤트 이팜 노즈킹_76848_3.jpg
HMP,[의약외품]26년 6월 월간이벤트 이팜 밴드닥터,4866,,https://www.hmpmall.co.kr/promotion/promotionList.do?prmtId=76871,https://www.hmpmall.co.kr/upload/event/4866/4866_REAL_319.jpg,,,D:\Users\Desktop\pico\quasi_drug\data\hmp\events\[의약외품]26년 6월 월간이벤트 이팜 밴드닥터_4180_1.png|D:\Users\Desktop\pico\quasi_drug\data\hmp\events\[의약외품]26년 6월 월간이벤트 이팜 밴드닥터_4030_2.png|D:\Users\Desktop\pico\quasi_drug\data\hmp\events\[의약외품]26년 6월 월간이벤트 이팜 밴드닥터_76871_3.jpg
HMP,[의약외품]26년 6월 월간이벤트 월드비젼팜,4865,,https://www.hmpmall.co.kr/promotion/promotionList.do?prmtId=76852,https://www.hmpmall.co.kr/upload/event/4865/4865_REAL_763.png,,,D:\Users\Desktop\pico\quasi_drug\data\hmp\events\[의약외품]26년 6월 월간이벤트 월드비젼팜_4180_1.png|D:\Users\Desktop\pico\quasi_drug\data\hmp\events\[의약외품]26년 6월 월간이벤트 월드비젼팜_4030_2.png|D:\Users\Desktop\pico\quasi_drug\data\hmp\events\[의약외품]26년 6월 월간이벤트 월드비젼팜_76852_3.jpg
HMP,[의약외품]26년 6월 월간이벤트 제이웰팜,4864,,https://www.hmpmall.co.kr/promotion/promotionList.do?prmtId=76854,https://www.hmpmall.co.kr/upload/event/4864/4864_REAL_509.png,,,D:\Users\Desktop\pico\quasi_drug\data\hmp\events\[의약외품]26년 6월 월간이벤트 제이웰팜_4180_1.png|D:\Users\Desktop\pico\quasi_drug\data\hmp\events\[의약외품]26년 6월 월간이벤트 제이웰팜_4030_2.png|D:\Users\Desktop\pico\quasi_drug\data\hmp\events\[의약외품]26년 6월 월간이벤트 제이웰팜_76854_3.jpg
HMP,[의약외품]26년 6월 월간이벤트 에스에스메디,4863,,https://www.hmpmall.co.kr/promotion/promotionList.do?prmtId=76853,https://www.hmpmall.co.kr/upload/event/4863/4863_REAL_245.png,,,D:\Users\Desktop\pico\quasi_drug\data\hmp\events\[의약외품]26년 6월 월간이벤트 에스에스메디_4180_1.png|D:\Users\Desktop\pico\quasi_drug\data\hmp\events\[의약외품]26년 6월 월간이벤트 에스에스메디_4030_2.png|D:\Users\Desktop\pico\quasi_drug\data\hmp\events\[의약외품]26년 6월 월간이벤트 에스에스메디_76853_3.jpg
HMP,[의약외품]26년 6월 월간이벤트 이팜 닥터멜락신,4862,,https://www.hmpmall.co.kr/promotion/promotionList.do?prmtId=76870,https://www.hmpmall.co.kr/upload/event/4862/4862_REAL_586.jpg,,,D:\Users\Desktop\pico\quasi_drug\data\hmp\events\[의약외품]26년 6월 월간이벤트 이팜 닥터멜락신_4180_1.png|D:\Users\Desktop\pico\quasi_drug\data\hmp\events\[의약외품]26년 6월 월간이벤트 이팜 닥터멜락신_4030_2.png|D:\Users\Desktop\pico\quasi_drug\data\hmp\events\[의약외품]26년 6월 월간이벤트 이팜 닥터멜락신_76870_3.jpg
HMP,[의약외품]26년 6월 월간이벤트 이팜 하루온,4861,,https://www.hmpmall.co.kr/promotion/promotionList.do?prmtId=76850,https://www.hmpmall.co.kr/upload/event/4861/4861_REAL_351.jpg,,,D:\Users\Desktop\pico\quasi_drug\data\hmp\events\[의약외품]26년 6월 월간이벤트 이팜 하루온_4180_1.png|D:\Users\Desktop\pico\quasi_drug\data\hmp\events\[의약외품]26년 6월 월간이벤트 이팜 하루온_4030_2.png|D:\Users\Desktop\pico\quasi_drug\data\hmp\events\[의약외품]26년 6월 월간이벤트 이팜 하루온_76850_3.jpg
HMP,[의약외품]26년 6월 월간이벤트 이팜 오므론,4860,,https://www.hmpmall.co.kr/promotion/promotionList.do?prmtId=76872,https://www.hmpmall.co.kr/upload/event/4860/4860_REAL_859.jpg,,,D:\Users\Desktop\pico\quasi_drug\data\hmp\events\[의약외품]26년 6월 월간이벤트 이팜 오므론_4180_1.png|D:\Users\Desktop\pico\quasi_drug\data\hmp\events\[의약외품]26년 6월 월간이벤트 이팜 오므론_4030_2.png|D:\Users\Desktop\pico\quasi_drug\data\hmp\events\[의약외품]26년 6월 월간이벤트 이팜 오므론_76872_3.jpg
HMP,[의약외품]26년 6월 월간이벤트 아신메디팜,4859,,https://www.hmpmall.co.kr/promotion/promotionList.do?prmtId=76878,https://www.hmpmall.co.kr/upload/event/4859/4859_REAL_470.png,,,D:\Users\Desktop\pico\quasi_drug\data\hmp\events\[의약외품]26년 6월 월간이벤트 아신메디팜_4180_1.png|D:\Users\Desktop\pico\quasi_drug\data\hmp\events\[의약외품]26년 6월 월간이벤트 아신메디팜_4030_2.png|D:\Users\Desktop\pico\quasi_drug\data\hmp\events\[의약외품]26년 6월 월간이벤트 아신메디팜_76878_3.jpg
HMP,[의약외품]26년 6월 월간이벤트 피지엘,4858,,https://www.hmpmall.co.kr/promotion/promotionList.do?prmtId=76851,https://www.hmpmall.co.kr/upload/event/4858/4858_REAL_623.png,,,D:\Users\Desktop\pico\quasi_drug\data\hmp\events\[의약외품]26년 6월 월간이벤트 피지엘_4180_1.png|D:\Users\Desktop\pico\quasi_drug\data\hmp\events\[의약외품]26년 6월 월간이벤트 피지엘_4030_2.png|D:\Users\Desktop\pico\quasi_drug\data\hmp\events\[의약외품]26년 6월 월간이벤트 피지엘_76851_3.jpg
HMP,[의약외품]26년 6월 월간이벤트 이너웍스,4857,,https://www.hmpmall.co.kr/promotion/promotionList.do?prmtId=76875,https://www.hmpmall.co.kr/upload/event/4857/4857_REAL_869.png,,,D:\Users\Desktop\pico\quasi_drug\data\hmp\events\[의약외품]26년 6월 월간이벤트 이너웍스_4180_1.png|D:\Users\Desktop\pico\quasi_drug\data\hmp\events\[의약외품]26년 6월 월간이벤트 이너웍스_4030_2.png|D:\Users\Desktop\pico\quasi_drug\data\hmp\events\[의약외품]26년 6월 월간이벤트 이너웍스_76875_3.jpg
HMP,[의약외품]26년 6월 월간이벤트 건강두배로,4856,,https://www.hmpmall.co.kr/promotion/promotionList.do?prmtId=76876,https://www.hmpmall.co.kr/upload/event/4856/4856_REAL_890.png,,,D:\Users\Desktop\pico\quasi_drug\data\hmp\events\[의약외품]26년 6월 월간이벤트 건강두배로_4180_1.png|D:\Users\Desktop\pico\quasi_drug\data\hmp\events\[의약외품]26년 6월 월간이벤트 건강두배로_4030_2.png|D:\Users\Desktop\pico\quasi_drug\data\hmp\events\[의약외품]26년 6월 월간이벤트 건강두배로_76876_3.jpg
HMP,[의약외품]26년 6월 월간이벤트 남동,4855,,https://www.hmpmall.co.kr/promotion/promotionList.do?prmtId=76874,https://www.hmpmall.co.kr/upload/event/4855/4855_REAL_827.png,,,D:\Users\Desktop\pico\quasi_drug\data\hmp\events\[의약외품]26년 6월 월간이벤트 남동_4180_1.png|D:\Users\Desktop\pico\quasi_drug\data\hmp\events\[의약외품]26년 6월 월간이벤트 남동_4030_2.png|D:\Users\Desktop\pico\quasi_drug\data\hmp\events\[의약외품]26년 6월 월간이벤트 남동_76874_3.jpg
HMP,[의약외품]26년 6월 월간이벤트 소연,4854,,https://www.hmpmall.co.kr/promotion/promotionList.do?prmtId=76873,https://www.hmpmall.co.kr/upload/event/4854/4854_REAL_633.png,,,D:\Users\Desktop\pico\quasi_drug\data\hmp\events\[의약외품]26년 6월 월간이벤트 소연_4180_1.png|D:\Users\Desktop\pico\quasi_drug\data\hmp\events\[의약외품]26년 6월 월간이벤트 소연_4030_2.png|D:\Users\Desktop\pico\quasi_drug\data\hmp\events\[의약외품]26년 6월 월간이벤트 소연_76873_3.jpg
HMP,[의약외품]26년 6월 월간이벤트 대성메디 단독3 코코메디,4853,,https://www.hmpmall.co.kr/promotion/promotionList.do?prmtId=76847,https://www.hmpmall.co.kr/upload/event/4853/4853_REAL_860.png,,,D:\Users\Desktop\pico\quasi_drug\data\hmp\events\[의약외품]26년 6월 월간이벤트 대성메디 단독3 코코메디_4180_1.png|D:\Users\Desktop\pico\quasi_drug\data\hmp\events\[의약외품]26년 6월 월간이벤트 대성메디 단독3 코코메디_4030_2.png|D:\Users\Desktop\pico\quasi_drug\data\hmp\events\[의약외품]26년 6월 월간이벤트 대성메디 단독3 코코메디_76847_3.png
HMP,[의약외품]26년 6월 월간이벤트 대성메디 단독2 글라이드,4852,,https://www.hmpmall.co.kr/promotion/promotionList.do?prmtId=76868,https://www.hmpmall.co.kr/upload/event/4852/4852_REAL_2.png,,,D:\Users\Desktop\pico\quasi_drug\data\hmp\events\[의약외품]26년 6월 월간이벤트 대성메디 단독2 글라이드_4180_1.png|D:\Users\Desktop\pico\quasi_drug\data\hmp\events\[의약외품]26년 6월 월간이벤트 대성메디 단독2 글라이드_4030_2.png|D:\Users\Desktop\pico\quasi_drug\data\hmp\events\[의약외품]26년 6월 월간이벤트 대성메디 단독2 글라이드_76868_3.jpg
HMP,[의약외품]26년 6월 월간이벤트 유케이인터팜,4851,,https://www.hmpmall.co.kr/promotion/promotionList.do?prmtId=76846,https://www.hmpmall.co.kr/upload/event/4851/4851_REAL_154.jpg,,,D:\Users\Desktop\pico\quasi_drug\data\hmp\events\[의약외품]26년 6월 월간이벤트 유케이인터팜_4180_1.png|D:\Users\Desktop\pico\quasi_drug\data\hmp\events\[의약외품]26년 6월 월간이벤트 유케이인터팜_4030_2.png|D:\Users\Desktop\pico\quasi_drug\data\hmp\events\[의약외품]26년 6월 월간이벤트 유케이인터팜_76846_3.jpg
HMP,[플러스] 26년 6월 삼진어묵,4850,,https://www.hmpmall.co.kr/promotion/promotionList.do?prmtId=76746,https://www.hmpmall.co.kr/upload/event/4850/4850_REAL_862.jpg,,,D:\Users\Desktop\pico\quasi_drug\data\hmp\events\[플러스] 26년 6월 삼진어묵_4180_1.png|D:\Users\Desktop\pico\quasi_drug\data\hmp\events\[플러스] 26년 6월 삼진어묵_4030_2.png|D:\Users\Desktop\pico\quasi_drug\data\hmp\events\[플러스] 26년 6월 삼진어묵_76746_3.jpg
HMP,[플러스] 26년 6월 링크트레이드(유럽),4848,,"https://www.hmpmall.co.kr/promotion/promotionList.do?prmtId=76810,76788,76787,76811",https://www.hmpmall.co.kr/upload/event/4848/4848_REAL_895.jpg,,,D:\Users\Desktop\pico\quasi_drug\data\hmp\events\[플러스] 26년 6월 링크트레이드(유럽)_4180_1.png|D:\Users\Desktop\pico\quasi_drug\data\hmp\events\[플러스] 26년 6월 링크트레이드(유럽)_4030_2.png|D:\Users\Desktop\pico\quasi_drug\data\hmp\events\[플러스] 26년 6월 링크트레이드(유럽)_76810_3.jpg|D:\Users\Desktop\pico\quasi_drug\data\hmp\events\[플러스] 26년 6월 링크트레이드(유럽)_76788_4.jpg|D:\Users\Desktop\pico\quasi_drug\data\hmp\events\[플러스] 26년 6월 링크트레이드(유럽)_76787_5.jpg|D:\Users\Desktop\pico\quasi_drug\data\hmp\events\[플러스] 26년 6월 링크트레이드(유럽)_76811_6.jpg
HMP,[플러스] 26년 6월 원글로벌넷(한우),4847,,"https://www.hmpmall.co.kr/promotion/promotionList.do?prmtId=76806,76807,76808",https://www.hmpmall.co.kr/upload/event/4847/4847_REAL_447.jpg,,,D:\Users\Desktop\pico\quasi_drug\data\hmp\events\[플러스] 26년 6월 원글로벌넷(한우)_4180_1.png|D:\Users\Desktop\pico\quasi_drug\data\hmp\events\[플러스] 26년 6월 원글로벌넷(한우)_4030_2.png|D:\Users\Desktop\pico\quasi_drug\data\hmp\events\[플러스] 26년 6월 원글로벌넷(한우)_76806_3.jpg|D:\Users\Desktop\pico\quasi_drug\data\hmp\events\[플러스] 26년 6월 원글로벌넷(한우)_76807_4.jpg|D:\Users\Desktop\pico\quasi_drug\data\hmp\events\[플러스] 26년 6월 원글로벌넷(한우)_76808_5.jpg
Saeropharm,SK메디칼 릴레이 스탬프 이벤트,,2026.06.05 ~ 2026.06.30,https://www.saeropharm.com/w/event/ingEventView.do?idx=63314,https://www.saeropharm.com/w/assets/images/temp/gallery_thumb.png,,,D:\Users\Desktop\pico\quasi_drug\data\saeropharm\events\SK메디칼 릴레이 스탬프 이벤트_1.jpg|D:\Users\Desktop\pico\quasi_drug\data\saeropharm\events\SK메디칼 릴레이 스탬프 이벤트_2.png
Saeropharm,아주약품 신규 입점 이벤트,,2026.06.01 ~ 2026.06.12,https://www.saeropharm.com/w/event/ingEventView.do?idx=367,https://img.saeropharm.com/data/base/cate/brand_events_378_256_5_0.jpg,,,D:\Users\Desktop\pico\quasi_drug\data\saeropharm\events\아주약품 신규 입점 이벤트_1.jpg|D:\Users\Desktop\pico\quasi_drug\data\saeropharm\events\아주약품 신규 입점 이벤트_2.png|D:\Users\Desktop\pico\quasi_drug\data\saeropharm\events\아주약품 신규 입점 이벤트_20260601_3.jpg|D:\Users\Desktop\pico\quasi_drug\data\saeropharm\events\아주약품 신규 입점 이벤트_4.jpg
Saeropharm,6월 외품 쿠폰 모음🎫,,2026.06.01 ~ 2026.06.30,https://www.saeropharm.com/w/event/ingEventView.do?idx=363,https://img.saeropharm.com/data/base/cate/%EC%9D%B4%EB%B2%A4%ED%8A%B8%EB%AA%A9%EB%A1%9D%EB%B0%B0%EB%84%88_%EA%B3%B5%ED%86%B5_720_486_25.jpg,,,D:\Users\Desktop\pico\quasi_drug\data\saeropharm\events\6월 외품 쿠폰 모음🎫_1.jpg|D:\Users\Desktop\pico\quasi_drug\data\saeropharm\events\6월 외품 쿠폰 모음🎫_2.png|D:\Users\Desktop\pico\quasi_drug\data\saeropharm\events\6월 외품 쿠폰 모음🎫_20260513_3.jpg|D:\Users\Desktop\pico\quasi_drug\data\saeropharm\events\6월 외품 쿠폰 모음🎫_20260513_4.jpg|D:\Users\Desktop\pico\quasi_drug\data\saeropharm\events\6월 외품 쿠폰 모음🎫_20260513_5.jpg|D:\Users\Desktop\pico\quasi_drug\data\saeropharm\events\6월 외품 쿠폰 모음🎫_20260513_6.jpg|D:\Users\Desktop\pico\quasi_drug\data\saeropharm\events\6월 외품 쿠폰 모음🎫_20260513_7.jpg|D:\Users\Desktop\pico\quasi_drug\data\saeropharm\events\6월 외품 쿠폰 모음🎫_20260513_8.jpg|D:\Users\Desktop\pico\quasi_drug\data\saeropharm\events\6월 외품 쿠폰 모음🎫_20260513_9.jpg|D:\Users\Desktop\pico\quasi_drug\data\saeropharm\events\6월 외품 쿠폰 모음🎫_20260513_10.jpg
Saeropharm,6월 외품 이벤트 모음📌,,2026.06.01 ~ 2026.06.30,https://www.saeropharm.com/w/event/ingEventView.do?idx=366,https://img.saeropharm.com/data/base/cate/%EC%9D%B4%EB%B2%A4%ED%8A%B8%EB%AA%A9%EB%A1%9D%EB%B0%B0%EB%84%88_%EA%B3%B5%ED%86%B5_720_486_27.jpg,,,D:\Users\Desktop\pico\quasi_drug\data\saeropharm\events\6월 외품 이벤트 모음📌_1.jpg|D:\Users\Desktop\pico\quasi_drug\data\saeropharm\events\6월 외품 이벤트 모음📌_2.png|D:\Users\Desktop\pico\quasi_drug\data\saeropharm\events\6월 외품 이벤트 모음📌_20260529_3.jpg|D:\Users\Desktop\pico\quasi_drug\data\saeropharm\events\6월 외품 이벤트 모음📌_20260529_4.jpg|D:\Users\Desktop\pico\quasi_drug\data\saeropharm\events\6월 외품 이벤트 모음📌_20260529_5.jpg|D:\Users\Desktop\pico\quasi_drug\data\saeropharm\events\6월 외품 이벤트 모음📌_20260529_6.jpg|D:\Users\Desktop\pico\quasi_drug\data\saeropharm\events\6월 외품 이벤트 모음📌_20260529_7.jpg|D:\Users\Desktop\pico\quasi_drug\data\saeropharm\events\6월 외품 이벤트 모음📌_20260529_8.jpg|D:\Users\Desktop\pico\quasi_drug\data\saeropharm\events\6월 외품 이벤트 모음📌_20260529_9.jpg|D:\Users\Desktop\pico\quasi_drug\data\saeropharm\events\6월 외품 이벤트 모음📌_20260529_10.jpg
Saeropharm,6월 쿠폰 더블 이벤트,,2026.06.01 ~ 2026.06.30,https://www.saeropharm.com/w/event/ingEventView.do?idx=63355,https://img.saeropharm.com/data/base/cate/coupon_list_63.jpg,,,D:\Users\Desktop\pico\quasi_drug\data\saeropharm\events\6월 쿠폰 더블 이벤트_1.jpg|D:\Users\Desktop\pico\quasi_drug\data\saeropharm\events\6월 쿠폰 더블 이벤트_2.png
Saeropharm,(종료) 6월 KB Pay 즉시할인 이벤트,,2026.06.01 ~ 2026.06.30,https://www.saeropharm.com/w/event/ingEventView.do?idx=364,https://img.saeropharm.com/data/base/cate/wm_list_182_29.jpg,,,D:\Users\Desktop\pico\quasi_drug\data\saeropharm\events\(종료) 6월 KB Pay 즉시할인 이벤트_1.jpg|D:\Users\Desktop\pico\quasi_drug\data\saeropharm\events\(종료) 6월 KB Pay 즉시할인 이벤트_2.png|D:\Users\Desktop\pico\quasi_drug\data\saeropharm\events\(종료) 6월 KB Pay 즉시할인 이벤트_20260527_3.png|D:\Users\Desktop\pico\quasi_drug\data\saeropharm\events\(종료) 6월 KB Pay 즉시할인 이벤트_4.jpg
Saeropharm,6월 하나카드 즉시할인 이벤트,,2026.06.01 ~ 2026.06.30,https://www.saeropharm.com/w/event/ingEventView.do?idx=365,https://img.saeropharm.com/data/base/cate/wm_list_268.jpg,,,D:\Users\Desktop\pico\quasi_drug\data\saeropharm\events\6월 하나카드 즉시할인 이벤트_1.jpg|D:\Users\Desktop\pico\quasi_drug\data\saeropharm\events\6월 하나카드 즉시할인 이벤트_2.png|D:\Users\Desktop\pico\quasi_drug\data\saeropharm\events\6월 하나카드 즉시할인 이벤트_20260527_3.png|D:\Users\Desktop\pico\quasi_drug\data\saeropharm\events\6월 하나카드 즉시할인 이벤트_20260427_4.jpg|D:\Users\Desktop\pico\quasi_drug\data\saeropharm\events\6월 하나카드 즉시할인 이벤트_20260427_5.jpg|D:\Users\Desktop\pico\quasi_drug\data\saeropharm\events\6월 하나카드 즉시할인 이벤트_6.jpg
Saeropharm,새로팜 '이음도약' 서비스 오픈 🎉,,2026.04.01 ~ 9999.05.31,https://www.saeropharm.com/w/event/ingEventView.do?idx=354,https://img.saeropharm.com/data/base/cate/%EC%9D%B4%EB%B2%A4%ED%8A%B8%EB%AA%A9%EB%A1%9D%EB%B0%B0%EB%84%88_%EA%B3%B5%ED%86%B5_720_486_19.jpg,,,D:\Users\Desktop\pico\quasi_drug\data\saeropharm\events\새로팜 '이음도약' 서비스 오픈 🎉_1.jpg|D:\Users\Desktop\pico\quasi_drug\data\saeropharm\events\새로팜 '이음도약' 서비스 오픈 🎉_2.png|D:\Users\Desktop\pico\quasi_drug\data\saeropharm\events\새로팜 '이음도약' 서비스 오픈 🎉_3.jpg
Saeropharm,2026년 새로팜 멤버십 개편🎉,,2026.01.01 ~ 2026.12.31,https://www.saeropharm.com/w/event/ingEventView.do?idx=339,https://img.saeropharm.com/data/base/cate/wm_list_256.jpg,,,D:\Users\Desktop\pico\quasi_drug\data\saeropharm\events\2026년 새로팜 멤버십 개편🎉_1.jpg|D:\Users\Desktop\pico\quasi_drug\data\saeropharm\events\2026년 새로팜 멤버십 개편🎉_2.png|D:\Users\Desktop\pico\quasi_drug\data\saeropharm\events\2026년 새로팜 멤버십 개편🎉_20260115_3.jpg|D:\Users\Desktop\pico\quasi_drug\data\saeropharm\events\2026년 새로팜 멤버십 개편🎉_20260115_4.jpg|D:\Users\Desktop\pico\quasi_drug\data\saeropharm\events\2026년 새로팜 멤버십 개편🎉_5.jpg
Saeropharm,CJONE 포인트 적립,,2025.07.01 ~ 2356.12.31,https://www.saeropharm.com/w/event/ingEventView.do?idx=304,https://img.saeropharm.com/data/base/cate/wm_list_cjone.jpg,,,D:\Users\Desktop\pico\quasi_drug\data\saeropharm\events\CJONE 포인트 적립_1.jpg|D:\Users\Desktop\pico\quasi_drug\data\saeropharm\events\CJONE 포인트 적립_2.png|D:\Users\Desktop\pico\quasi_drug\data\saeropharm\events\CJONE 포인트 적립_3.jpg
Saeropharm,새로팜 X 네이버페이 프로모션,,2024.10.28 ~ 2026.12.31,https://www.saeropharm.com/w/event/ingEventView.do?idx=257,https://img.saeropharm.com/data/base/cate/wm_list_148.jpg,,,D:\Users\Desktop\pico\quasi_drug\data\saeropharm\events\새로팜 X 네이버페이 프로모션_1.jpg|D:\Users\Desktop\pico\quasi_drug\data\saeropharm\events\새로팜 X 네이버페이 프로모션_2.png|D:\Users\Desktop\pico\quasi_drug\data\saeropharm\events\새로팜 X 네이버페이 프로모션_20241128_3.jpg|D:\Users\Desktop\pico\quasi_drug\data\saeropharm\events\새로팜 X 네이버페이 프로모션_20241010_4.jpg|D:\Users\Desktop\pico\quasi_drug\data\saeropharm\events\새로팜 X 네이버페이 프로모션_20241128_5.jpg|D:\Users\Desktop\pico\quasi_drug\data\saeropharm\events\새로팜 X 네이버페이 프로모션_6.jpg
Platpharm,[닥터리쥬올] 선세럼 런칭 이벤트,,2026.06.05 ~ 2026.06.20,https://www.platpharm.co.kr/pharmacy/events?eventId=287,https://www.platpharm.co.kr/_next/image?url=https%3A%2F%2Fcdn.platpharm.co.kr%2F2026%2F06%2F2606050602440030673.webp&w=750&q=85&dpl=0652cbc1f8145c46c8543e155c231c4b8249c73f-26990331060,,,D:\Users\Desktop\pico\quasi_drug\data\platpharm\events\[닥터리쥬올] 선세럼 런칭 이벤트_2026_1.webp|D:\Users\Desktop\pico\quasi_drug\data\platpharm\events\[닥터리쥬올] 선세럼 런칭 이벤트_2026_2.webp|D:\Users\Desktop\pico\quasi_drug\data\platpharm\events\[닥터리쥬올] 선세럼 런칭 이벤트_2026_3.webp
Platpharm,게보린 영상시청 퀴즈 이벤트,,2026.06.01 ~ 2026.06.15,https://www.platpharm.co.kr/pharmacy/events?eventId=286,https://www.platpharm.co.kr/_next/image?url=https%3A%2F%2Fcdn.platpharm.co.kr%2F2026%2F05%2F2605290720440041255.webp&w=750&q=85&dpl=0652cbc1f8145c46c8543e155c231c4b8249c73f-26990331060,,,D:\Users\Desktop\pico\quasi_drug\data\platpharm\events\게보린 영상시청 퀴즈 이벤트_2026_1.webp|D:\Users\Desktop\pico\quasi_drug\data\platpharm\events\게보린 영상시청 퀴즈 이벤트_2026_2.webp|D:\Users\Desktop\pico\quasi_drug\data\platpharm\events\게보린 영상시청 퀴즈 이벤트_2026_3.webp
Platpharm,퀵 계좌이체 2% 할인,,2026.06.01 ~ 2026.07.01,https://www.platpharm.co.kr/pharmacy/events?eventId=285,https://www.platpharm.co.kr/_next/image?url=https%3A%2F%2Fcdn.platpharm.co.kr%2F2026%2F05%2F2605290804370045557.webp&w=750&q=85&dpl=0652cbc1f8145c46c8543e155c231c4b8249c73f-26990331060,,,D:\Users\Desktop\pico\quasi_drug\data\platpharm\events\퀵 계좌이체 2% 할인_2026_1.webp
Platpharm,토스페이 결제 프로모션,,2026.06.01 ~ 2026.07.01,https://www.platpharm.co.kr/pharmacy/events?eventId=284,https://www.platpharm.co.kr/_next/image?url=https%3A%2F%2Fcdn.platpharm.co.kr%2F2026%2F05%2F2605290506390023177.webp&w=750&q=85&dpl=0652cbc1f8145c46c8543e155c231c4b8249c73f-26990331060,,,D:\Users\Desktop\pico\quasi_drug\data\platpharm\events\토스페이 결제 프로모션_2026_1.webp
Platpharm,일양약품 첫거래 웰컴! 이벤트,,2026.06.01 ~ 2026.07.01,https://www.platpharm.co.kr/pharmacy/events?eventId=283,https://www.platpharm.co.kr/_next/image?url=https%3A%2F%2Fcdn.platpharm.co.kr%2F2026%2F05%2F2605280109100108690.webp&w=750&q=85&dpl=0652cbc1f8145c46c8543e155c231c4b8249c73f-26990331060,,,D:\Users\Desktop\pico\quasi_drug\data\platpharm\events\일양약품 첫거래 웰컴! 이벤트_2026_1.webp|D:\Users\Desktop\pico\quasi_drug\data\platpharm\events\일양약품 첫거래 웰컴! 이벤트_2026_2.webp|D:\Users\Desktop\pico\quasi_drug\data\platpharm\events\일양약품 첫거래 웰컴! 이벤트_2026_3.webp
Platpharm,더이로운 AI 헬스체커 상담신청,,2026.04.08 ~ 2027.06.01,,https://www.platpharm.co.kr/_next/image?url=https%3A%2F%2Fcdn.platpharm.co.kr%2F2026%2F04%2F2604090026290016856.webp&w=750&q=85&dpl=0652cbc1f8145c46c8543e155c231c4b8249c73f-26990331060,,,
Platpharm,토스페이먼츠 최대 0.5% 즉시 카드할인,,2025.12.03 ~ 2026.06.30,,https://www.platpharm.co.kr/_next/image?url=https%3A%2F%2Fcdn.platpharm.co.kr%2F2025%2F12%2F2512030458450002532.webp&w=750&q=85&dpl=0652cbc1f8145c46c8543e155c231c4b8249c73f-26990331060,,,
Platpharm,옵투스 제약 타임특가 이벤트,,2026.05.11 ~ 2026.05.24,,https://www.platpharm.co.kr/_next/image?url=https%3A%2F%2Fcdn.platpharm.co.kr%2F2026%2F05%2F2605102345110003857.webp&w=750&q=85&dpl=0652cbc1f8145c46c8543e155c231c4b8249c73f-26990331060,,,
Platpharm,종근당 젠빅 퀴즈 이벤트 당첨자 발표,,2026.05.07 ~ 2026.05.09,,https://www.platpharm.co.kr/_next/image?url=https%3A%2F%2Fcdn.platpharm.co.kr%2F2026%2F05%2F2605070300070001412.webp&w=750&q=85&dpl=0652cbc1f8145c46c8543e155c231c4b8249c73f-26990331060,,,
Platpharm,[5월 자체 이벤트] 플랫팜 스탬프 투어,,2026.05.06 ~ 2026.06.01,,https://www.platpharm.co.kr/_next/image?url=https%3A%2F%2Fcdn.platpharm.co.kr%2F2026%2F05%2F2605052358170004789.webp&w=750&q=85&dpl=0652cbc1f8145c46c8543e155c231c4b8249c73f-26990331060,,,
Platpharm,토스페이 결제 프로모션,,2026.05.01 ~ 2026.06.01,,https://www.platpharm.co.kr/_next/image?url=https%3A%2F%2Fcdn.platpharm.co.kr%2F2026%2F05%2F2605040810370007522.webp&w=750&q=85&dpl=0652cbc1f8145c46c8543e155c231c4b8249c73f-26990331060,,,
Platpharm,브레이닝 설문조사 이벤트,,2026.04.27 ~ 2026.05.02,,https://www.platpharm.co.kr/_next/image?url=https%3A%2F%2Fcdn.platpharm.co.kr%2F2026%2F04%2F2604270133020007778.webp&w=750&q=85&dpl=0652cbc1f8145c46c8543e155c231c4b8249c73f-26990331060,,,
Baropharm,바로라이주문_도배_배너,,,https://www.baropharm.com/events/16901,https://i.baropharm.com/uploads/banners/202606/1780646397265.gif,,,
Baropharm,[닥터리쥬올] PDRN 선세럼 런칭 기념☀️더블 혜택 프로모션! 이미지,,"2026-06-05
                    ~
                    2026-06-18",https://www.baropharm.com/events/16934,https://i.baropharm.com/uploads/event/202606/1780624291376.png?&w=752&q=95,입점업체 이벤트,,
Baropharm,🎉바로팜🤖BAROi 주문 이미지,,"2026-06-05
                    ~
                    2030-12-31",https://www.baropharm.com/events/16901,https://i.baropharm.com/uploads/event/202606/1780537220250.png?&w=752&q=95,바로팜 이벤트,,
Baropharm,🎉 로얄블루 최대 2.7% 혜택 이미지,,"2026-06-02
                    ~
                    2026-06-30",https://www.baropharm.com/events/16868,https://i.baropharm.com/uploads/event/202606/1780365880489.png?&w=752&q=95,카드 프로모션,,
Baropharm,🎉 카카오X우리카드 프로모션 이미지,,"2026-06-02
                    ~
                    2026-06-30",https://www.baropharm.com/events/16867,https://i.baropharm.com/uploads/event/202606/1780365596465.png?&w=752&q=95,카드 프로모션,,
Baropharm,🎉바로팜📸6월도 찰칵! 필렌즈 챌린지 이미지,,"2026-06-01
                    ~
                    2026-06-30",https://www.baropharm.com/events/16834,https://i.baropharm.com/uploads/event/202605/1780242908400.png?&w=752&q=95,바로팜 이벤트,,
Baropharm,[이팜] 여름맞이 하루온 런칭이벤트🎇 이미지,,"2026-06-01
                    ~
                    2026-06-30",https://www.baropharm.com/events/16830,https://i.baropharm.com/uploads/event/202605/1780225111786.png?&w=752&q=95,입점업체 이벤트,,
Baropharm,[이팜] 여름맞이 6월 월간이벤트🌞 이미지,,"2026-06-01
                    ~
                    2026-06-30",https://www.baropharm.com/events/16829,https://i.baropharm.com/uploads/event/202605/1780222919135.png?&w=752&q=95,입점업체 이벤트,,
Baropharm,[에스에스메디] 여름맞이 6월 월간이벤트🌞 이미지,,"2026-06-01
                    ~
                    2026-06-30",https://www.baropharm.com/events/16828,https://i.baropharm.com/uploads/event/202605/1780222720267.png?&w=752&q=95,입점업체 이벤트,,
Baropharm,[유케이인터팜] 6월 어린이날 선물특집🌞 이미지,,"2026-06-01
                    ~
                    2026-06-30",https://www.baropharm.com/events/16827,https://i.baropharm.com/uploads/event/202606/1780294974604.png?&w=752&q=95,입점업체 이벤트,,
Baropharm,[메디팩토리] 여름맞이 6월 월간이벤트🌞 이미지,,"2026-06-01
                    ~
                    2026-06-30",https://www.baropharm.com/events/16826,https://i.baropharm.com/uploads/event/202605/1780222412829.png?&w=752&q=95,입점업체 이벤트,,
Baropharm,[건강두배로] 여름맞이 행복두배로 이벤트🌞 이미지,,"2026-06-01
                    ~
                    2026-06-30",https://www.baropharm.com/events/16825,https://i.baropharm.com/uploads/event/202605/1780222268302.png?&w=752&q=95,입점업체 이벤트,,
Baropharm,[소연] 여름맞이 6월 월간이벤트🌞 이미지,,"2026-06-01
                    ~
                    2026-06-30",https://www.baropharm.com/events/16824,https://i.baropharm.com/uploads/event/202605/1780222196939.png?&w=752&q=95,입점업체 이벤트,,
Baropharm,[헬스인팜] 여름맞이 6월 월간이벤트🌞 이미지,,"2026-06-01
                    ~
                    2026-06-30",https://www.baropharm.com/events/16823,https://i.baropharm.com/uploads/event/202605/1780222114434.png?&w=752&q=95,입점업체 이벤트,,
Baropharm,[제이웰팜] 여름맞이 6월 월간이벤트🌞 이미지,,"2026-06-01
                    ~
                    2026-06-30",https://www.baropharm.com/events/16822,https://i.baropharm.com/uploads/event/202605/1780222046602.png?&w=752&q=95,입점업체 이벤트,,
Baropharm,[대성메디케어] 여름맞이 6월 추가 증정 이벤트🌞 이미지,,"2026-06-01
                    ~
                    2026-06-30",https://www.baropharm.com/events/16821,https://i.baropharm.com/uploads/event/202605/1780221969486.png?&w=752&q=95,입점업체 이벤트,,
Baropharm,[피지엘] 여름맞이 6월 증정 이벤트🌞 이미지,,"2026-06-01
                    ~
                    2026-06-30",https://www.baropharm.com/events/16820,https://i.baropharm.com/uploads/event/202605/1780221872665.png?&w=752&q=95,입점업체 이벤트,,
Baropharm,[이너웍스] 여름맞이 6월 월간이벤트🌞 이미지,,"2026-06-01
                    ~
                    2026-06-30",https://www.baropharm.com/events/16819,https://i.baropharm.com/uploads/event/202605/1780221758265.png?&w=752&q=95,입점업체 이벤트,,
Baropharm,🎉팜올캐시&마일리지🪙출시 기념 이벤트 이미지,,"2026-05-29
                    ~
                    2026-06-30",https://www.baropharm.com/events/16786,https://i.baropharm.com/uploads/event/202605/1780023995211.png?&w=752&q=95,팜올플러스 이벤트,,
Baropharm,"🎉 우리카드 최대혜택받기, 로얄블루M 카드 이미지",,"2026-04-01
                    ~
                    2026-12-31",https://www.baropharm.com/events/16785,https://i.baropharm.com/uploads/event/202605/1780022190485.png?&w=752&q=95,카드 프로모션,,
Baropharm,"🎖️현대약품🦟버물리, 전설이 되다🧑‍🍳 바로라이브🎞️ 이미지",,"2026-05-27
                    ~
                    2026-06-11",https://www.baropharm.com/events/16752,https://i.baropharm.com/uploads/event/202606/1780648726060.png?&w=752&q=95,브랜드관 이벤트,,
Baropharm,🎉 [가정의달 기념] 바로팜 가정식대첩 이미지,,"2026-05-26
                    ~
                    2026-06-14",https://www.baropharm.com/events/16719,https://i.baropharm.com/uploads/event/202605/1779781368440.png?&w=752&q=95,바로팜 이벤트,,
Baropharm,보고신약 여름맞이 3만이상 주문 시 6%포인트백 이미지,,"2026-05-18
                    ~
                    2026-07-01",https://www.baropharm.com/events/16619,https://i.baropharm.com/uploads/event/202605/1779074955528.jpg?&w=752&q=95,입점업체 이벤트,,
Baropharm,여름나기 패트치 특별 기획전 이미지,,"2026-05-18
                    ~
                    2026-07-01",https://www.baropharm.com/events/16585,https://i.baropharm.com/uploads/event/202605/1778832638206.jpg?&w=752&q=95,바로팜 이벤트,,
Baropharm,유케이인터팜 여름나기 기획전 이미지,,"2026-05-18
                    ~
                    2026-07-01",https://www.baropharm.com/events/16551,https://i.baropharm.com/uploads/event/202605/1778744343038.png?&w=752&q=95,입점업체 이벤트,,
Baropharm,바스틀리 여름맞이 3만이상 주문 시 6%포인트백 이미지,,"2026-05-18
                    ~
                    2026-07-01",https://www.baropharm.com/events/16550,https://i.baropharm.com/uploads/event/202605/1778737606499.jpg?&w=752&q=95,입점업체 이벤트,,
Baropharm,헤밀래라이프랩 여름맞이 3만이상 주문 시 6%포인트백 이미지,,"2026-05-18
                    ~
                    2026-07-01",https://www.baropharm.com/events/16484,https://i.baropharm.com/uploads/event/202605/1778478513941.jpg?&w=752&q=95,입점업체 이벤트,,
Baropharm,[소울드림] 여름 흉터 관리 3만이상 구매 시 6%포인트백 이미지,,"2026-05-18
                    ~
                    2026-07-01",https://www.baropharm.com/events/16483,https://i.baropharm.com/uploads/event/202605/1778478356071.png?&w=752&q=95,입점업체 이벤트,,
Baropharm,미라클뮤즈 전제품 6%포인트백 이벤트 이미지,,"2026-05-18
                    ~
                    2026-07-01",https://www.baropharm.com/events/16482,https://i.baropharm.com/uploads/event/202605/1778492980462.jpg?&w=752&q=95,입점업체 이벤트,,
Baropharm,[멀버리부쉬]슬리핑보틀 할인쿠폰 증정 + 6%포인트 중복 이벤트 이미지,,"2026-05-18
                    ~
                    2026-07-01",https://www.baropharm.com/events/16480,https://i.baropharm.com/uploads/event/202605/1778477407419.jpg?&w=752&q=95,입점업체 이벤트,,
Baropharm,[멀버리부쉬]리르 할인쿠폰 증정 6%포인트 중복 이벤트 이미지,,"2026-05-18
                    ~
                    2026-07-01",https://www.baropharm.com/events/16479,https://i.baropharm.com/uploads/event/202605/1778477285735.jpg?&w=752&q=95,입점업체 이벤트,,
Baropharm,[멀버리부쉬]뉴트리하루 할인쿠폰 증정 + 6%포인트 중복 이벤트 이미지,,"2026-05-18
                    ~
                    2026-07-01",https://www.baropharm.com/events/16478,https://i.baropharm.com/uploads/event/202605/1778477183341.jpg?&w=752&q=95,입점업체 이벤트,,
Baropharm,[노스크 ]여름밤 숙면나기 5+1 추가증정 + 6%포인트백 이벤트 이미지,,"2026-05-18
                    ~
                    2026-07-01",https://www.baropharm.com/events/16477,https://i.baropharm.com/uploads/event/202605/1778477013125.png?&w=752&q=95,입점업체 이벤트,,
Baropharm,🎉바로팜📦Baro통합반품 이미지,,"2024-01-01
                    ~
                    2126-12-31",https://www.baropharm.com/events/16114,https://i.baropharm.com/event/7e65432b-3a68-42d1-84c4-977c91024479.png?&w=752&q=95,바로팜 이벤트,,
Baropharm,📝 전문가상담 리포트 이미지,,"2026-03-30
                    ~
                    2026-12-31",https://www.baropharm.com/events/16098,https://i.baropharm.com/event/d006e9b3-fc2b-4acc-bef1-cbd8831cb0fa.png?&w=752&q=95,바로팜 이벤트,,
Baropharm,🎉Baro멤버십 유지혜택 2분기 🎁 이미지,,"2026-03-12
                    ~
                    2026-06-30",https://www.baropharm.com/events/15798,https://i.baropharm.com/event/1d01e287-5679-41c4-abbf-4a5a55282f74.png?&w=752&q=95,바로팜 이벤트,,
Baropharm,🎉바로팜🏥BPCS(처방전달솔루션) 이미지,,"2026-03-04
                    ~
                    2126-03-31",https://www.baropharm.com/events/15630,https://i.baropharm.com/event/93fd22a9-8551-4689-88d2-4cd6ae46908f.png?&w=752&q=95,바로팜 이벤트,,
Baropharm,🎉 연동몰 통합주문서비스 이미지,,"2026-02-12
                    ~
                    2030-02-28",https://www.baropharm.com/events/15374,https://i.baropharm.com/event/3086de6b-424d-41ed-b768-1d133eb16f39.png?&w=752&q=95,바로팜 이벤트,,
Baropharm,🎉팜올플러스📚약사는 처음이지😉 이미지,,"2026-02-11
                    ~
                    2126-03-31",https://www.baropharm.com/events/15303,https://i.baropharm.com/event/e4cf6abd-b83e-4806-a161-397a8735a8b1.png?&w=752&q=95,팜올플러스 이벤트,,
Baropharm,🎉팜올플러스📚에듀플러스 이미지,,"2026-02-11
                    ~
                    2126-03-31",https://www.baropharm.com/events/15302,https://i.baropharm.com/event/f31d47f2-0273-4ca9-bec5-bb6f694e4676.png?&w=752&q=95,팜올플러스 이벤트,,
Baropharm,오펠라와 친구🤝맺고 혜택받기🎁 이미지,,"2025-12-26
                    ~
                    2026-12-27",https://www.baropharm.com/events/14587,https://i.baropharm.com/event/f7c285d6-bb5c-43fd-9df2-4dac5d6896e3.png?&w=752&q=95,브랜드관 이벤트,,
Baropharm,"🎉 약국 개국을 위한 모든 것, 오픈플러스 이미지",,"2025-12-24
                    ~
                    2026-12-31",https://www.baropharm.com/events/14512,https://i.baropharm.com/event/a3351f91-a71d-441f-8900-77660ddec8cd.png?&w=752&q=95,팜올플러스 이벤트,,
Baropharm,♥️365일 상시 진행⭐셀링리뷰 혜택 이미지,,"2025-12-19
                    ~
                    2027-02-28",https://www.baropharm.com/events/14479,https://i.baropharm.com/event/66c31941-6010-47c6-83ac-83db6bd666e0.png?&w=752&q=95,바로팜 이벤트,,
Baropharm,"🎉 최대 60만점 적립, KB 비즈프라임카드 이미지",,"2025-11-28
                    ~
                    2026-09-30",https://www.baropharm.com/events/14224,https://i.baropharm.com/event/5b608361-d841-4a8c-8f05-41f5416f04e8.png?&w=752&q=95,카드 프로모션,,
Baropharm,🎉바로팜💵 Baro미청구 OPEN 이미지,,"2025-11-17
                    ~
                    2026-12-31",https://www.baropharm.com/events/14071,https://i.baropharm.com/event/af3f74c2-860e-4510-bd15-4144b2d614b0.png?&w=752&q=95,바로팜 이벤트,,
Baropharm,바로팜🎉우리약국 홈페이지🖥️팜페이지 오픈 이미지,,"2025-08-05
                    ~
                    2030-01-31",https://www.baropharm.com/events/12858,https://i.baropharm.com/event/ee8b4779-df01-4ce9-92df-38bdcb2e7bc5.png?&w=752&q=95,바로팜 이벤트,,
Baropharm,🎉 함께배송 🚛여러 제약사 제품을 한 번에 이미지,,"2025-03-27
                    ~
                    2050-03-27",https://www.baropharm.com/events/11407,https://i.baropharm.com/event/d08a6da7-b98f-4850-9dc3-db1c4b81c7c5.png?&w=752&q=95,바로팜 이벤트,,
Baropharm,🎉 예치금 나중결제 서비스 오픈 이미지,,"2025-02-10
                    ~
                    2030-02-28",https://www.baropharm.com/events/10469,https://i.baropharm.com/event/9c883aa0-3f76-4e8b-867e-68591fbd77f6.png?&w=752&q=95,카드 프로모션,,
Baropharm,🎖️아워팜은 오늘 결제 0원! 이미지,,"2024-12-24
                    ~
                    2050-03-31",https://www.baropharm.com/events/9850,https://i.baropharm.com/event/0f64effa-b22f-42fa-8abc-ad7ccf781fc4.png?&w=752&q=95,브랜드관 이벤트,,
Baropharm,✨신규 회원✨ 웰컴 혜택🎁 이미지,,"2024-10-18
                    ~
                    2027-01-01",https://www.baropharm.com/events/9240,https://i.baropharm.com/event/870a1f83-b120-4543-b934-8505a938b775.png?&w=752&q=95,바로팜 이벤트,,
Baropharm,🎉 바로팜 계좌결제 프로모션 이미지,,"2024-07-18
                    ~
                    2026-12-31",https://www.baropharm.com/events/7588,https://i.baropharm.com/event/0fe7aa96-813e-411f-8bca-e9c9333f0564.png?&w=752&q=95,카드 프로모션,,
Baropharm,🎉 바로팜x네이버페이 프로모션 이미지,,"2024-05-28
                    ~
                    2099-05-29",https://www.baropharm.com/events/6253,https://i.baropharm.com/event/bb8c81bc-814a-4f87-a4f9-6ac3308c250d.png?&w=752&q=95,카드 프로모션,,
Baropharm,🎉바로팜💙외품 안심반품 이미지,,"2024-05-02
                    ~
                    2124-06-30",https://www.baropharm.com/events/5733,https://i.baropharm.com/event/b557264c-8ffa-4d32-842c-a2496ccaef09.png?&w=752&q=95,바로팜 이벤트,,
Baropharm,바로팜💚외품페스타는 계속된다. 쭈-욱💥 이미지,,"2024-05-02
                    ~
                    2124-07-31",https://www.baropharm.com/events/5732,https://i.baropharm.com/event/6af30dd3-077a-4d8a-a3fb-10c0ca8214ea.png?&w=752&q=95,바로팜 이벤트,,
Baropharm,댓글만 달아도 포인트가 와르르~!🎊 이미지,,"2024-04-01
                    ~
                    2026-12-31",https://www.baropharm.com/events/4969,https://i.baropharm.com/event/d91e78e7-9e35-4f02-93c2-c66e8f1120d6.png?&w=752&q=95,바로팜 이벤트,,
Baropharm,🎉바로팜📩반품완료알림 이미지,,"2024-02-13
                    ~
                    2124-02-29",https://www.baropharm.com/events/3768,https://i.baropharm.com/event/88e158ac-84b9-4066-a5c5-7cde27d5d2ff.png?&w=752&q=95,바로팜 이벤트,,
Baropharm,🎉바로팜🙌약국매대&POP증정 이미지,,"2023-07-11
                    ~
                    2100-01-01",https://www.baropharm.com/events/10162,https://i.baropharm.com/event/b74e640f-778e-4375-b871-fe09fa288d19.png?&w=752&q=95,바로팜 이벤트,,
Baropharm,🥇대원제약 짜먹는 진통제🫧파인큐 이미지,,"2024-12-18
                    ~
                    2100-01-01",https://www.baropharm.com/events/9782,https://i.baropharm.com/event/8f00f4c5-ca8d-42b9-a1d8-ff6c69e5437a.png?&w=752&q=95,브랜드관 이벤트,,
Baropharm,🎉 연동몰 통합주문 서비스 이미지,,"2024-07-08
                    ~
                    2040-01-31",https://www.baropharm.com/events/7319,https://i.baropharm.com/event/5b253520-18eb-4bb6-afdd-d3b6dbc8b869.png?&w=752&q=95,바로팜 이벤트,,
Baropharm,🎉 근무약사 모여라! 이미지,,"2024-07-08
                    ~
                    2026-06-30",https://www.baropharm.com/events/7315,https://i.baropharm.com/event/69561195-3ddd-493c-a55e-f2db631376a4.png?&w=752&q=95,바로팜 이벤트,,
Baropharm,"🎖️현대약품 🥸복합마이녹실액5%, 이건뭐약? 이미지",,"2024-06-14
                    ~
                    2028-07-01",https://www.baropharm.com/events/6757,https://i.baropharm.com/event/f191e9ad-af0e-44fb-abc1-96259a9a1f31.png?&w=752&q=95,브랜드관 이벤트,,
Baropharm,💳 카드사 혜택 한 눈에 보기 이미지,,"2024-04-17
                    ~
                    2030-04-17",https://www.baropharm.com/events/5447,https://i.baropharm.com/event/83f60a6c-e6ab-4f53-a32a-c47211ee0c98.png?&w=752&q=95,카드혜택 정보,,
Baropharm,💳 우리카드 혜택 한 눈에 보기 이미지,,"2024-04-17
                    ~
                    2030-04-30",https://www.baropharm.com/events/5446,https://i.baropharm.com/event/0f8ec548-0b76-485e-b2c9-a1f31e8f83ea.png?&w=752&q=95,카드혜택 정보,,
Baropharm,💳 KB국민카드 혜택 한 눈에 보기 이미지,,"2024-04-17
                    ~
                    2030-06-13",https://www.baropharm.com/events/5445,https://i.baropharm.com/event/a7175d5b-09e2-4fa4-bb38-57e66dc4d5fd.png?&w=752&q=95,카드혜택 정보,,
Baropharm,💳 BC바로카드 혜택 한 눈에 보기 이미지,,"2024-04-17
                    ~
                    2030-04-30",https://www.baropharm.com/events/5444,https://i.baropharm.com/event/307043a5-cad6-4d22-a72e-1a6bf7b10e85.png?&w=752&q=95,카드혜택 정보,,
Baropharm,🎉바로팜🛎️우리약국 주문마감 알림 이미지,,"2023-06-21
                    ~
                    2100-01-01",https://www.baropharm.com/events/891,https://i.baropharm.com/event/22bb568d-2db6-49ef-88cc-615442cf3e18.png?&w=752&q=95,바로팜 이벤트,,
Baropharm,"🥇익수제약 변쾌락✨,이건뭐약? 이미지",,"2025-03-25
                    ~
                    2200-12-03",https://www.baropharm.com/events/11332,https://i.baropharm.com/event/28fc21f5-e4e3-4f19-97ba-4b972186cb1d.png?&w=752&q=95,브랜드관 이벤트,,
Baropharm,"🎖️바로팜XSK케미칼🥸이지클린, 이건뭐약? 이미지",,"2024-12-19
                    ~
                    2200-12-01",https://www.baropharm.com/events/9784,https://i.baropharm.com/event/4b2233e9-f109-4db1-84c5-6043d8d882c4.png?&w=752&q=95,브랜드관 이벤트,,
Baropharm,[삼전약품] 바로팜 신규입점🔥 이미지,,"2024-12-05
                    ~
                    2100-01-01",https://www.baropharm.com/events/9711,https://i.baropharm.com/event/3e2035ed-7c47-411e-9d3d-94e45b587c83.png?&w=752&q=95,입점업체 이벤트,,
Baropharm,"🎖️바로팜XSK케미칼🥸담엔쿨정, 이건뭐약? 이미지",,"2024-11-15
                    ~
                    2200-12-01",https://www.baropharm.com/events/9678,https://i.baropharm.com/event/bffe5fd8-94eb-4eb0-8d95-dd6e1bcb86a1.png?&w=752&q=95,브랜드관 이벤트,,
Baropharm,"🥇영진약품 바로스콘✨,이건뭐약? 이미지",,"2024-11-08
                    ~
                    2200-11-24",https://www.baropharm.com/events/9674,https://i.baropharm.com/event/15c20b1a-2044-4c7b-834e-263ccf18da3c.png?&w=752&q=95,브랜드관 이벤트,,
Baropharm,"🥇익수제약 익수 공진단✨,이건뭐약? 이미지",,"2024-10-25
                    ~
                    2200-11-10",https://www.baropharm.com/events/9442,https://i.baropharm.com/event/4c14cd4c-17e6-4dcb-9e33-f07685c69e26.png?&w=752&q=95,브랜드관 이벤트,,
Baropharm,"🎖️현대약품🥸이바프텐액, 이건뭐약? 이미지",,"2024-04-22
                    ~
                    2224-05-06",https://www.baropharm.com/events/5514,https://i.baropharm.com/event/83970f05-cad8-48ad-a367-8784fa1e98d7.png?&w=752&q=95,브랜드관 이벤트,,
Baropharm,"🎖️한풍제약🥸경옥고, 이건뭐약? 이미지",,"2024-04-11
                    ~
                    2200-04-24",https://www.baropharm.com/events/5338,https://i.baropharm.com/event/de0a1303-17fc-4042-b272-0a2fd9192c2f.png?&w=752&q=95,브랜드관 이벤트,,
Baropharm,"🎖️코오롱🥸마이더마 밴드, 이건뭐약? 이미지",,"2024-03-11
                    ~
                    2200-12-31",https://www.baropharm.com/events/4419,https://i.baropharm.com/event/72b7c771-e831-4ffa-9685-bb7240cb4a7e.png?&w=752&q=95,브랜드관 이벤트,,
Baropharm,"🎖️경동제약🥸코투루텐, 이건뭐약? 이미지",,"2024-02-05
                    ~
                    2200-12-31",https://www.baropharm.com/events/3667,https://i.baropharm.com/event/7c2aa4d9-1ecc-4f9e-940d-8eded2f33ce9.png?&w=752&q=95,브랜드관 이벤트,,
Baropharm,"🎖️휴온스🥸알룬정, 이건뭐약? 이미지",,"2024-01-26
                    ~
                    2200-12-31",https://www.baropharm.com/events/3453,https://i.baropharm.com/event/0c250cf9-1210-49a1-905c-a52e8dfafc43.png?&w=752&q=95,브랜드관 이벤트,,
Baropharm,"🥇경동제약 치렉스정✨,이건뭐약? 이미지",,"2024-08-29
                    ~
                    2050-09-15",https://www.baropharm.com/events/8455,https://i.baropharm.com/event/0336ffaf-1845-475d-a5e8-871cbeda098a.png?&w=752&q=95,브랜드관 이벤트,,
Baropharm,"🥇바로팜 단독상품 에스빌✨,이건뭐약? 이미지",,"2024-08-20
                    ~
                    2050-09-03",https://www.baropharm.com/events/8308,https://i.baropharm.com/event/7c20382f-624b-4118-944d-ad97b772b4aa.png?&w=752&q=95,브랜드관 이벤트,,
Baropharm,"🥇휴온스 에스라진정✨,이건뭐약? 이미지",,"2024-07-22
                    ~
                    2100-01-01",https://www.baropharm.com/events/7658,https://i.baropharm.com/event/6a80dc40-a8df-4247-b327-d3c5e67e5ea7.png?&w=752&q=95,브랜드관 이벤트,,
Baropharm,"🎖️옵투스🥸원앤데이후레쉬, 이건뭐약? 이미지",,"2024-01-15
                    ~
                    2200-01-31",https://www.baropharm.com/events/3308,https://i.baropharm.com/event/acb0c75c-df69-4396-bbf2-0b29d4bd6c46.png?&w=752&q=95,브랜드관 이벤트,,
Baropharm,바로팜💊약가인하서비스 이미지,,"2023-08-21
                    ~
                    2100-01-01",https://www.baropharm.com/events/1047,https://i.baropharm.com/event/a8eb98f7-6c8c-4b1c-a270-0929dfdbaa66.png?&w=752&q=95,바로팜 이벤트,,
Baropharm,바로팜💸Baro포인트 이미지,,"2023-06-01
                    ~
                    2100-01-01",https://www.baropharm.com/events/885,https://i.baropharm.com/event/8bb73503-96c5-44cc-973f-005e33657af2.png?&w=752&q=95,바로팜 이벤트,,
Baropharm,바로팜💊낱알반품서비스 이미지,,"2023-03-01
                    ~
                    2100-01-01",https://www.baropharm.com/events/27,https://i.baropharm.com/event/09219b49-5e48-4c51-92a7-0f500e4bba44.png?&w=752&q=95,바로팜 이벤트,,
Baropharm,"🎖️유유제약🥸타나민, 이건뭐약? 이미지",,"2023-12-08
                    ~
                    2200-12-31",https://www.baropharm.com/events/2649,https://i.baropharm.com/event/e701d750-7165-4f69-869b-a41d79e4e916.png?&w=752&q=95,브랜드관 이벤트,,
Baropharm,"🎖️익수제약🥸익수반하사심탕액, 이건뭐약? 이미지",,"2023-11-06
                    ~
                    2200-11-30",https://www.baropharm.com/events/2099,https://i.baropharm.com/event/bcec24bb-8d36-4411-a9c5-688a07d019df.png?&w=752&q=95,브랜드관 이벤트,,
Baropharm,"🎖️SK케미칼🥸트라스트레인보우,이건뭐약? 이미지",,"2023-10-23
                    ~
                    2200-12-31",https://www.baropharm.com/events/1817,https://i.baropharm.com/event/8d1ba939-8972-4eb8-a687-42d4bce79087.png?&w=752&q=95,브랜드관 이벤트,,
Baropharm,"🎖️옵투스🥸케토핀프리,이건뭐약? 이미지",,"2023-09-18
                    ~
                    2200-12-31",https://www.baropharm.com/events/1337,https://i.baropharm.com/event/b4cd82dd-8b17-4968-984b-d0c1746d36bf.png?&w=752&q=95,브랜드관 이벤트,,
Baropharm,🎖️마더스🥸콘티600 이건뭐약? 이미지,,"2023-09-11
                    ~
                    2200-12-31",https://www.baropharm.com/events/1268,https://i.baropharm.com/event/f084d627-908d-4c33-8229-c385ae6f197b.png?&w=752&q=95,브랜드관 이벤트,,
Baropharm,🎖️퍼슨🥸베베락스액 이건뭐약? 이미지,,"2023-09-04
                    ~
                    2200-12-31",https://www.baropharm.com/events/1201,https://i.baropharm.com/event/acf2d787-d20c-4d4b-85a2-245db77b4a7e.png?&w=752&q=95,브랜드관 이벤트,,
Baropharm,🎖️휴온스🥸니조랄 이건뭐약? 이미지,,"2023-08-22
                    ~
                    2200-12-31",https://www.baropharm.com/events/1081,https://i.baropharm.com/event/220371e7-614f-4f0e-8544-75b2d529473f.png?&w=752&q=95,브랜드관 이벤트,,
Baropharm,🎖️경동제약🥸비타비케어 이건뭐약? 이미지,,"2023-08-18
                    ~
                    2200-12-31",https://www.baropharm.com/events/1014,https://i.baropharm.com/event/c9a80d9e-2e95-47d0-9a56-0cd85b76c39b.png?&w=752&q=95,브랜드관 이벤트,,
Baropharm,"🎉바로팜💝옵투스 신제품 포함, 리뷰 이벤트 이미지",,"2026-05-20
                    ~
                    2026-06-05",https://www.baropharm.com/events/16685,https://i.baropharm.com/uploads/event/202605/1779243809626.png?&w=752&q=95,바로팜 이벤트,,
Baropharm,대원제약🥇요즘 필수템 파인큐💊 바로라이브🎞️ 이미지,,"2026-05-19
                    ~
                    2026-05-27",https://www.baropharm.com/events/16652,https://i.baropharm.com/uploads/event/202605/1779182942809.png?&w=752&q=95,바로팜 이벤트,,
Baropharm,🎉바로팜🫙K-Pharmarcy 타임특가 이미지,,"2026-05-15
                    ~
                    2026-05-18",https://www.baropharm.com/events/16552,https://i.baropharm.com/uploads/event/202605/1778842321177.png?&w=752&q=95,바로팜 이벤트,,
Baropharm,[멀버리부쉬]정관장 할인쿠폰 증정 6%포인트 중복 이벤트 이미지,,"2026-05-18
                    ~
                    2026-06-01",https://www.baropharm.com/events/16481,https://i.baropharm.com/uploads/event/202605/1778477509101.jpg?&w=752&q=95,입점업체 이벤트,,
Baropharm,🎉5월 의약품플러스 이벤트 이미지,,"2026-05-11
                    ~
                    2026-05-31",https://www.baropharm.com/events/16476,https://i.baropharm.com/uploads/event/202605/1778475027306.png?&w=752&q=95,팜올플러스 이벤트,,
Baropharm,🎉5월 에듀플러스 페이백 이벤트 이미지,,"2026-05-11
                    ~
                    2026-05-31",https://www.baropharm.com/events/16475,https://i.baropharm.com/uploads/event/202605/1778466927142.png?&w=752&q=95,팜올플러스 이벤트,,
Baropharm,🎉 5월 오픈플러스 이벤트 이미지,,"2026-05-11
                    ~
                    2026-05-31",https://www.baropharm.com/events/16474,https://i.baropharm.com/uploads/event/202605/1778466704937.png?&w=752&q=95,팜올플러스 이벤트,,
Baropharm,🎉팜올플러스📱팜올플러스 APP런칭 이미지,,"2026-05-11
                    ~
                    2026-05-31",https://www.baropharm.com/events/16473,https://i.baropharm.com/uploads/event/202605/1778464932830.png?&w=752&q=95,팜올플러스 이벤트,,
Baropharm,"[언코드] 스테로이드 걱정 없는 무자극 기미크림, 멜라톤 솔루션🫧 이미지",,"2026-05-07
                    ~
                    2026-05-31",https://www.baropharm.com/events/16440,https://i.baropharm.com/uploads/event/202605/1778131163880.png?&w=752&q=95,입점업체 이벤트,,
Baropharm,🎉팜올플러스🍎에플단 개국세무편 모집 이미지,,"2026-05-04
                    ~
                    2026-05-07",https://www.baropharm.com/events/16407,https://i.baropharm.com/uploads/event/202605/1777887690909.png?&w=752&q=95,팜올플러스 이벤트,,
Baropharm,[헬스인팜] 5월 봄맞이 이벤트 모음전🌼 이미지,,"2026-05-01
                    ~
                    2026-05-31",https://www.baropharm.com/events/16406,https://i.baropharm.com/uploads/event/202605/1777862213778.png?&w=752&q=95,입점업체 이벤트,,
Baropharm,[월드비전팜] 5월맞이 이벤트 모음전 이미지,,"2026-05-01
                    ~
                    2026-05-31",https://www.baropharm.com/events/16405,https://i.baropharm.com/uploads/event/202605/1777816944347.png?&w=752&q=95,입점업체 이벤트,,
Baropharm,[이팜] 이팜에서 진행하는 노즈킹 주문금액별 이벤트 이미지,,"2026-05-01
                    ~
                    2026-05-31",https://www.baropharm.com/events/16404,https://i.baropharm.com/uploads/event/202605/1777814402482.png?&w=752&q=95,입점업체 이벤트,,
Baropharm,[이팜 단독] 아토팜 신제품 런칭 이벤트 이미지,,"2026-05-01
                    ~
                    2026-05-31",https://www.baropharm.com/events/16403,https://i.baropharm.com/uploads/event/202605/1777814087677.png?&w=752&q=95,입점업체 이벤트,,
Baropharm,[이너웍스] 따듯한 월간 이벤트 모음전 이미지,,"2026-05-01
                    ~
                    2026-05-31",https://www.baropharm.com/events/16402,https://i.baropharm.com/uploads/event/202605/1777813643256.png?&w=752&q=95,입점업체 이벤트,,
Baropharm,[유케이인터팜] 5월 어린이날 선물 이벤트 모음전 이미지,,"2026-05-01
                    ~
                    2026-05-31",https://www.baropharm.com/events/16401,https://i.baropharm.com/uploads/event/202605/1777813523817.png?&w=752&q=95,입점업체 이벤트,,
Baropharm,[에스에스메디] 5월 가정의 달 맞이 이벤트 모음전 이미지,,"2026-05-01
                    ~
                    2026-05-31",https://www.baropharm.com/events/16400,https://i.baropharm.com/uploads/event/202605/1777813440734.png?&w=752&q=95,입점업체 이벤트,,
Baropharm,[메디팩토리] 5월 봄맞이 메디팩토리 이벤트 이미지,,"2026-05-01
                    ~
                    2026-05-31",https://www.baropharm.com/events/16399,https://i.baropharm.com/uploads/event/202605/1777813312835.png?&w=752&q=95,입점업체 이벤트,,
Baropharm,[건강두배로] 행복두배로 5월 이벤트 이미지,,"2026-05-01
                    ~
                    2026-05-31",https://www.baropharm.com/events/16398,https://i.baropharm.com/uploads/event/202605/1777813266423.png?&w=752&q=95,입점업체 이벤트,,
Baropharm,[소연] 5월 소연 이벤트 모음전 이미지,,"2026-05-01
                    ~
                    2026-05-31",https://www.baropharm.com/events/16397,https://i.baropharm.com/uploads/event/202605/1777813206077.png?&w=752&q=95,입점업체 이벤트,,
Baropharm,[대성메디케어] 5월 가정의 달 맞이 이벤트 모음전 이미지,,"2026-05-01
                    ~
                    2026-05-31",https://www.baropharm.com/events/16396,https://i.baropharm.com/uploads/event/202605/1777813155341.png?&w=752&q=95,입점업체 이벤트,,
Baropharm,[제이웰팜] 5월맞이 사은품 추가 증정 이벤트 이미지,,"2026-05-01
                    ~
                    2026-05-31",https://www.baropharm.com/events/16395,https://i.baropharm.com/uploads/event/202605/1777813082777.png?&w=752&q=95,입점업체 이벤트,,
Baropharm,[피지엘] 5월 이벤트 모음전🤍 이미지,,"2026-05-01
                    ~
                    2026-05-31",https://www.baropharm.com/events/16394,https://i.baropharm.com/uploads/event/202605/1777813004613.png?&w=752&q=95,입점업체 이벤트,,
Baropharm,🎉바로팜📸5월도 찰칵! 필렌즈 챌린지 이미지,,"2026-05-01
                    ~
                    2026-05-31",https://www.baropharm.com/events/16359,https://i.baropharm.com/uploads/event/202604/1777560625580.png?&w=752&q=95,바로팜 이벤트,,
Baropharm,🎉바로팜💗5만한 리뷰 이벤트 이미지,,"2026-04-24
                    ~
                    2026-05-15",https://www.baropharm.com/events/16325,https://i.baropharm.com/uploads/event/202604/1777000278908.png?&w=752&q=95,바로팜 이벤트,,
Baropharm,약사님을 위한 100원딜 오픈했어요 이미지,,"2026-04-22
                    ~
                    2026-05-21",https://www.baropharm.com/events/16292,https://i.baropharm.com/uploads/event/202604/1776836079354.png?&w=752&q=95,커뮤니티 이벤트,,
Baropharm,🎖️레비온☀️레비온rx 선케어 사전주문 이미지,,"2026-04-22
                    ~
                    2026-04-26",https://www.baropharm.com/events/16259,https://i.baropharm.com/uploads/event/202604/1776746459303.png?&w=752&q=95,브랜드관 이벤트,,
Baropharm,🎉바로팜🏥BPCS 4월 이벤트 이미지,,"2026-04-15
                    ~
                    2026-04-30",https://www.baropharm.com/events/16226,https://i.baropharm.com/uploads/event/202604/1776172106609.png?&w=752&q=95,바로팜 이벤트,,
Baropharm,🎉당첨자발표🥳레비온rx 이건뭐CO? 이미지,,"2026-04-14
                    ~
                    2026-04-20",https://www.baropharm.com/events/16225,https://i.baropharm.com/uploads/event/202604/1776158048446.png?&w=752&q=95,당첨자 발표,,
Baropharm,발모의 여왕👑 엘크라넬 바로라이브📺 이미지,,"2026-04-13
                    ~
                    2026-04-22",https://www.baropharm.com/events/16224,https://i.baropharm.com/event/f2ffbf4f-b839-463b-b9a5-729e6a658434.png?&w=752&q=95,바로팜 이벤트,,
Baropharm,"🎉팜올플러스📚열심히 공부한 당신, 먹어라! 이미지",,"2026-04-14
                    ~
                    2026-04-30",https://www.baropharm.com/events/16223,https://i.baropharm.com/event/602fb6e4-bfea-43ca-bdbf-130ecd9d52d8.png?&w=752&q=95,팜올플러스 이벤트,,
Baropharm,🎉바로팜💝CMG 신제품 리뷰 이벤트 이미지,,"2026-04-13
                    ~
                    2026-04-30",https://www.baropharm.com/events/16221,https://i.baropharm.com/event/010448e5-ed73-43fd-842c-c9d61e71fd05.png?&w=752&q=95,바로팜 이벤트,,
Baropharm,계약서 검토받고 신세계 상품권 받아가세요 이미지,,"2026-04-06
                    ~
                    2026-04-30",https://www.baropharm.com/events/16188,https://i.baropharm.com/event/3adaf23c-c141-49f1-94f7-cdc223d9dab2.png?&w=752&q=95,커뮤니티 이벤트,,
Baropharm,🎉팜올플러스🍎에플단 4기 모집 이미지,,"2026-04-03
                    ~
                    2026-04-08",https://www.baropharm.com/events/16155,https://i.baropharm.com/event/f08c7101-856f-4c0d-a239-f2287aa857a6.png?&w=752&q=95,팜올플러스 이벤트,,
Baropharm,🎖️레비온🥸레비온rx 마스크팩 사전주문 이미지,,"2026-04-03
                    ~
                    2026-04-05",https://www.baropharm.com/events/16154,https://i.baropharm.com/event/d5601f13-fd4f-4fa0-b736-9273e7ccec0f.png?&w=752&q=95,브랜드관 이벤트,,
Baropharm,🎉바로팜📸4월도 찰칵! 필렌즈 챌린지 이미지,,"2026-04-01
                    ~
                    2026-04-30",https://www.baropharm.com/events/16152,https://i.baropharm.com/event/38024628-8f21-4239-9c0d-a526f317a6b6.png?&w=752&q=95,바로팜 이벤트,,
Baropharm,"아-악 내눈👁️, 옵투스 바로라이브📺 이미지",,"2026-03-31
                    ~
                    2026-04-08",https://www.baropharm.com/events/16148,https://i.baropharm.com/event/f41803af-c184-482d-bf66-9a175da75a89.png?&w=752&q=95,바로팜 이벤트,,
Baropharm,[헬스인팜] 4월 봄맞이 증정 이벤트☀️ 이미지,,"2026-04-01
                    ~
                    2026-04-30",https://www.baropharm.com/events/16147,https://i.baropharm.com/event/3e5e2c7d-76c5-4426-9b44-c05f104afcb9.png?&w=752&q=95,입점업체 이벤트,,
Baropharm,🎉팜올플러스📚의약품의 모든 것💊 이미지,,"2026-04-01
                    ~
                    2026-04-19",https://www.baropharm.com/events/16113,https://i.baropharm.com/event/88d82015-09f2-457a-804c-7453f8e1fa84.png?&w=752&q=95,팜올플러스 이벤트,,
Baropharm,📌글로비더마 4월 리뷰 작성 이벤트 이미지,,"2026-04-01
                    ~
                    2026-04-30",https://www.baropharm.com/events/16112,https://i.baropharm.com/event/80901021-e7dd-4a79-8e58-f9c172a97e7d.png?&w=752&q=95,입점업체 이벤트,,
Baropharm,[에스에스메디] 4월 봄맞이 이벤트☀️ 이미지,,"2026-04-01
                    ~
                    2026-04-30",https://www.baropharm.com/events/16111,https://i.baropharm.com/event/e4225874-cfdf-470f-9d2f-c9ed763e554c.jpg?&w=752&q=95,입점업체 이벤트,,
Baropharm,[가람약품] 4월 사은품 증정 이벤트🎁 이미지,,"2026-04-01
                    ~
                    2026-04-30",https://www.baropharm.com/events/16110,https://i.baropharm.com/event/5604ebce-4696-4f61-b567-6e2ebe5de41e.png?&w=752&q=95,입점업체 이벤트,,
Baropharm,[아신메디팜] 4월 증정 이벤트! 이미지,,"2026-04-01
                    ~
                    2026-04-30",https://www.baropharm.com/events/16109,https://i.baropharm.com/event/0f50414a-93c2-496b-a6a3-e79fa28a161d.png?&w=752&q=95,입점업체 이벤트,,
Baropharm,[유케이인터팜] 4월 봄맞이 따듯한 이벤트☀️ 이미지,,"2026-04-01
                    ~
                    2026-04-30",https://www.baropharm.com/events/16108,https://i.baropharm.com/event/9ff6506a-064f-41a6-997e-0e3f21c641b9.png?&w=752&q=95,입점업체 이벤트,,
Baropharm,[건강두배로] 건강두배로와 함께라면 행복두배로 이미지,,"2026-04-01
                    ~
                    2026-04-30",https://www.baropharm.com/events/16107,https://i.baropharm.com/event/1c0b0f9f-481a-4197-aabb-5f5c665570b8.png?&w=752&q=95,입점업체 이벤트,,
Baropharm,[소연] 소연과 함께하는 4월 증정 이벤트💐 이미지,,"2026-04-01
                    ~
                    2026-04-30",https://www.baropharm.com/events/16106,https://i.baropharm.com/event/d0be5e2c-cc32-4750-8497-cccde20bac52.png?&w=752&q=95,입점업체 이벤트,,
Baropharm,"[가온팜] 4월 봄맞이, 입점 업체 이벤트🌼 이미지",,"2026-04-01
                    ~
                    2026-04-30",https://www.baropharm.com/events/16105,https://i.baropharm.com/event/6b96345e-9826-4985-9988-03376e1e65bc.png?&w=752&q=95,입점업체 이벤트,,
Baropharm,[월드비전팜] 4월 월간 이벤트 모음전🌼 이미지,,"2026-04-01
                    ~
                    2026-04-30",https://www.baropharm.com/events/16104,https://i.baropharm.com/event/32df360a-7072-40b4-a386-f88f1a405b42.png?&w=752&q=95,입점업체 이벤트,,
Baropharm,"[제이웰팜] 4월 이벤트, 사은품 추가 증정! 이미지",,"2026-04-01
                    ~
                    2026-04-30",https://www.baropharm.com/events/16103,https://i.baropharm.com/event/9b3eadd8-5775-424e-828a-01e73cb8f2cb.png?&w=752&q=95,입점업체 이벤트,,
Baropharm,[대성메디케어] 4월 바로팜 월간 이벤트☘️ 이미지,,"2026-04-01
                    ~
                    2026-04-30",https://www.baropharm.com/events/16102,https://i.baropharm.com/event/d849d106-a102-4dca-813e-f94ec5ee28e0.png?&w=752&q=95,입점업체 이벤트,,
Baropharm,[이너웍스] 4월 따듯한 월간 이벤트☀️ 이미지,,"2026-04-01
                    ~
                    2026-04-30",https://www.baropharm.com/events/16101,https://i.baropharm.com/event/aba6e599-e7c5-4a64-8e96-904b4cdbecbd.png?&w=752&q=95,입점업체 이벤트,,
Baropharm,🎉바로팜💊필렌즈 2만한 선택💟 이미지,,"2026-03-30
                    ~
                    2026-04-30",https://www.baropharm.com/events/16100,https://i.baropharm.com/event/e535d3d8-7337-4d9d-ac59-896ca8d758ca.png?&w=752&q=95,바로팜 이벤트,,
Baropharm,🎉 무엇이든 물어보살! 이미지,,"2026-03-30
                    ~
                    2026-04-17",https://www.baropharm.com/events/16099,https://i.baropharm.com/event/59219b0f-5e5d-4d78-8c99-7ae34d588fac.png?&w=752&q=95,바로팜 이벤트,,
Baropharm,🎖️레비온🥸레비온rx 이건뭐CO? 이미지,,"2026-03-27
                    ~
                    2026-04-05",https://www.baropharm.com/events/16065,https://i.baropharm.com/event/03e8176c-1aa9-472e-a957-bf243423dd54.png?&w=752&q=95,바로팜 이벤트,,
Baropharm,[드림에어] 4월 봄맞이 월간이벤트💐 이미지,,"2026-04-01
                    ~
                    2026-04-30",https://www.baropharm.com/events/16032,https://i.baropharm.com/event/1ac4f2c5-f2cc-4bb2-a7dd-eeb610145b79.jpg?&w=752&q=95,입점업체 이벤트,,
Baropharm,📺버물리 라이브💚포토 리뷰 이벤트 이미지,,"2026-03-26
                    ~
                    2026-03-31",https://www.baropharm.com/events/15999,https://i.baropharm.com/event/90860cca-5598-498e-9bf9-bf33fbc70b8b.png?&w=752&q=95,바로팜 이벤트,,
Baropharm,"모기🦟 또 왔어, 버물리 바로라이브📺 이미지",,"2026-03-17
                    ~
                    2026-03-26",https://www.baropharm.com/events/15933,https://i.baropharm.com/event/14645480-358d-408d-83ab-7805928e48ff.png?&w=752&q=95,바로팜 이벤트,,
Baropharm,🎉팜올플러스🍎에플단 3기 모집 이미지,,"2026-03-16
                    ~
                    2026-03-19",https://www.baropharm.com/events/15900,https://i.baropharm.com/event/d3a8fcad-4953-4d00-a7af-8232c47e72ac.png?&w=752&q=95,팜올플러스 이벤트,,
Baropharm,🎉 팜올플러스 5000돌파 X 순수익계산기 이미지,,"2026-03-16
                    ~
                    2026-03-31",https://www.baropharm.com/events/15897,https://i.baropharm.com/event/f1663955-1627-4edf-ad91-512542bebc11.png?&w=752&q=95,팜올플러스 이벤트,,
Baropharm,🎖️오펠라 🥸알레그라 이건뭐약? 이미지,,"2026-03-16
                    ~
                    2026-03-31",https://www.baropharm.com/events/15864,https://i.baropharm.com/event/b2670efe-332b-42e0-8b36-d05ae4d53dd0.png?&w=752&q=95,브랜드관 이벤트,,
Baropharm,📺루핑 라이브❤️‍🔥구매 감사 리뷰 이벤트 이미지,,"2026-03-11
                    ~
                    2026-03-15",https://www.baropharm.com/events/15764,https://i.baropharm.com/event/5e9283c9-2eaf-4f51-8a84-54e4bd59ff00.png?&w=752&q=95,바로팜 이벤트,,
Baropharm,🎉바로팜💄뷰티페스타 오픈! 주문한 만큼 5% 포인트백 이미지,,"2026-03-09
                    ~
                    2026-03-31",https://www.baropharm.com/events/15730,https://i.baropharm.com/event/c99f03bf-e918-4fa5-8bc1-613aeb7a2c75.png?&w=752&q=95,바로팜 이벤트,,
Baropharm,🎉바로팜🤝서포터즈 모집 OPEN 이미지,,"2026-03-09
                    ~
                    2026-03-22",https://www.baropharm.com/events/15697,https://i.baropharm.com/event/e2b9fd8d-3643-4620-8f95-a19e9919b353.png?&w=752&q=95,바로팜 이벤트,,
Baropharm,🎉팜올플러스🍎에플단 2기 모집 이미지,,"2026-03-05
                    ~
                    2026-03-08",https://www.baropharm.com/events/15663,https://i.baropharm.com/event/5145f474-398d-4b20-97ee-882751654167.png?&w=752&q=95,팜올플러스 이벤트,,
Baropharm,🎉당첨자발표🥳2달의주문왕 이미지,,"2026-03-03
                    ~
                    2026-03-09",https://www.baropharm.com/events/15597,https://i.baropharm.com/event/41b108d5-7785-4972-9b67-60ac27b818b6.png?&w=752&q=95,당첨자 발표,,
Baropharm,🎖️현대약품🧑‍🍳루핑 바로라이브👀 이미지,,"2026-03-03
                    ~
                    2026-03-11",https://www.baropharm.com/events/15596,https://i.baropharm.com/event/163b11e2-f820-4594-a3ce-38f7acc646b3.png?&w=752&q=95,브랜드관 이벤트,,
Baropharm,🎉바로팜📸3월도 찰칵! 필렌즈 챌린지 이미지,,"2026-03-01
                    ~
                    2026-03-31",https://www.baropharm.com/events/15563,https://i.baropharm.com/event/db51fd43-9233-489a-bb75-b205b83b1d33.png?&w=752&q=95,바로팜 이벤트,,
Baropharm,[이팜] 3월 월간이벤트 혜택 모음전🎁 이미지,,"2026-03-01
                    ~
                    2026-03-31",https://www.baropharm.com/events/15526,https://i.baropharm.com/event/3b7b05df-9d3f-447e-a0a1-ac32def3fcc6.png?&w=752&q=95,입점업체 이벤트,,
Baropharm,[소연] 3월 봄맞이 이벤트🌿 이미지,,"2026-03-01
                    ~
                    2026-03-31",https://www.baropharm.com/events/15525,https://i.baropharm.com/event/f4945a2b-85de-46dd-a3fc-c2d0b9a5125c.png?&w=752&q=95,입점업체 이벤트,,
Baropharm,[제이웰팜] 3월 사은품 추가 증정 이벤트💝 이미지,,"2026-03-01
                    ~
                    2026-03-31",https://www.baropharm.com/events/15524,https://i.baropharm.com/event/7a777f53-6551-4e9c-9e2b-d5fa3a5c83de.png?&w=752&q=95,입점업체 이벤트,,
Baropharm,[이너웍스] 구매금액별 증정품 모음전✨ 이미지,,"2026-03-01
                    ~
                    2026-03-31",https://www.baropharm.com/events/15523,https://i.baropharm.com/event/9e5c4ec4-a46c-4901-91ff-0f8a47bb8a62.png?&w=752&q=95,입점업체 이벤트,,
Baropharm,[유케이인터팜] 3월 봄맞이 증정 이벤트🫧 이미지,,"2026-03-01
                    ~
                    2026-03-31",https://www.baropharm.com/events/15522,https://i.baropharm.com/event/7ac8da33-a479-4aca-ab73-aefa95acd81a.png?&w=752&q=95,입점업체 이벤트,,
Baropharm,[월드비전팜] 3월 정정 혜택 이벤트✨ 이미지,,"2026-03-01
                    ~
                    2026-03-31",https://www.baropharm.com/events/15521,https://i.baropharm.com/event/5d769e81-38a4-4d5d-8477-03a0ece96e3e.png?&w=752&q=95,입점업체 이벤트,,
Baropharm,[헬스인팜] 3월 월간이벤트 모음전🌿 이미지,,"2026-03-01
                    ~
                    2026-03-31",https://www.baropharm.com/events/15520,https://i.baropharm.com/event/089dc88c-b391-41a9-b249-ffbc05282344.png?&w=752&q=95,입점업체 이벤트,,
Baropharm,[메디팩토리] 따듯한 3월 봄 이벤트 혜택전💐 이미지,,"2026-03-01
                    ~
                    2026-03-31",https://www.baropharm.com/events/15519,https://i.baropharm.com/event/8bb18ec3-0150-47b9-afd2-d268bf1adaa0.png?&w=752&q=95,입점업체 이벤트,,
Baropharm,[대성메디케어] 3월 봄맞이 증정 이벤트🎁 이미지,,"2026-03-01
                    ~
                    2026-03-31",https://www.baropharm.com/events/15518,https://i.baropharm.com/event/fc7a6b7c-4d8e-410d-9ee7-70d40bb9b319.png?&w=752&q=95,입점업체 이벤트,,
Baropharm,[건강두배로] 건강두배로와 함께라면 행복두배로✨ 이미지,,"2026-03-01
                    ~
                    2026-03-31",https://www.baropharm.com/events/15517,https://i.baropharm.com/event/2a85ad19-f828-493c-9588-e324f6a8ccec.png?&w=752&q=95,입점업체 이벤트,,
Baropharm,[프리솔라] 3월 여성의 날 구매 금액별 증정 이벤트💝 이미지,,"2026-03-10
                    ~
                    2026-03-31",https://www.baropharm.com/events/15484,https://i.baropharm.com/event/cb3159c4-fbb0-4e40-a695-2d8298071d79.jpg?&w=752&q=95,입점업체 이벤트,,
Baropharm,"[이데아약품] 초유 엑소좀 PDRN으로 탄력,재생,주름 ALL CARE🫧 이미지",,"2026-03-01
                    ~
                    2026-03-31",https://www.baropharm.com/events/15483,https://i.baropharm.com/event/962b2f34-ef2a-48e6-9e97-ee3a02b5cc09.jpg?&w=752&q=95,입점업체 이벤트,,
Baropharm,[에스에스메디] 3월 봄맞이 이벤트 모음전🐝 이미지,,"2026-03-01
                    ~
                    2026-03-31",https://www.baropharm.com/events/15482,https://i.baropharm.com/event/6e995af7-3a27-421e-bc63-d124d06ba340.jpg?&w=752&q=95,입점업체 이벤트,,
Baropharm,[해밀레라이프랩] 기력회복 건강식품 특가 이벤트🧉 이미지,,"2026-03-01
                    ~
                    2026-03-31",https://www.baropharm.com/events/15481,https://i.baropharm.com/event/26b776c4-8607-411b-a096-aad43ab79067.jpg?&w=752&q=95,입점업체 이벤트,,
Baropharm,[노스크] 3월 미세먼지 예방 노스크 5+1 이벤트😷 이미지,,"2026-03-01
                    ~
                    2026-03-31",https://www.baropharm.com/events/15480,https://i.baropharm.com/event/e9cead71-3767-4e54-8c8d-f3a143f6c14a.jpg?&w=752&q=95,입점업체 이벤트,,
Baropharm,[비타센스] 비타센스 10개 이상 구매 시 비타센스 스틱 1개 추가증정😮‍💨 이미지,,"2026-03-01
                    ~
                    2026-03-31",https://www.baropharm.com/events/15479,https://i.baropharm.com/event/0afcfb1b-22b6-40ef-9cfd-6240f3135985.jpg?&w=752&q=95,입점업체 이벤트,,
Baropharm,[에프엔디] 3월 라이프허브&한국바이오셀 특별 이벤트🚨 이미지,,"2026-03-01
                    ~
                    2026-03-31",https://www.baropharm.com/events/15478,https://i.baropharm.com/event/f2a66437-4e1b-4d46-99f4-3b617f278eea.jpg?&w=752&q=95,입점업체 이벤트,,
Baropharm,"셀트리온 더마 솔루션 ""지피덤"" 입점 이벤트 이미지",,"2026-02-11
                    ~
                    2026-05-01",https://www.baropharm.com/events/15341,https://i.baropharm.com/event/ab46a1a4-b6e5-4963-8961-e6455986fa59.png?&w=752&q=95,브랜드관 이벤트,,
Baropharm,🍱헤이오드리 x 바로팜 점심 지원 이벤트 이미지,,"2026-02-09
                    ~
                    2026-05-01",https://www.baropharm.com/events/15268,https://i.baropharm.com/event/f5bf28cf-ecbe-4ee0-ae5f-6f9e2b541872.png?&w=752&q=95,커뮤니티 이벤트,,
Baropharm,전산봉투🛍️ 구매하면 처방전보관🎁 공짜!💸 이미지,,"2026-02-02
                    ~
                    2026-03-31",https://www.baropharm.com/events/15132,https://i.baropharm.com/event/d294c0dd-01d9-495f-8b47-410fc6b962fd.png?&w=752&q=95,바로팜 이벤트,,
Baropharm,전문가 칼럼 댓글 작성하면 매일매일 100P! 이미지,,"2026-01-30
                    ~
                    2026-05-30",https://www.baropharm.com/events/15112,https://i.baropharm.com/event/092345a3-e18f-4820-8baf-74dfc956b2d6.png?&w=752&q=95,커뮤니티 이벤트,,
Baropharm,🎉 26년 Baro멤버십 개선사항안내 이미지,,"2025-12-23
                    ~
                    2026-03-31",https://www.baropharm.com/events/14548,https://i.baropharm.com/event/cbdf7d62-93e9-46fe-ae06-14632c2ccf7d.png?&w=752&q=95,바로팜 이벤트,,
Baropharm,🎉 바로오더데이엔 카드혜택 마음껏💕 이미지,,"2026-06-01
                    ~
                    2026-06-02",https://www.baropharm.com/events/13312,https://i.baropharm.com/uploads/event/202605/1780237752394.png?&w=752&q=95,바로팜 이벤트,,
Baropharm,"[비타센스] 💪비타민 흡입기, 비타센스! 이미지",,"2024-07-31
                    ~
                    2100-01-01",https://www.baropharm.com/events/7659,https://i.baropharm.com/event/ecd964c6-f0ba-45f0-b60e-ccaba30a1643.png?&w=752&q=95,입점업체 이벤트,,
Baropharm,🎉 약국추천하고 포인트 💸 이미지,,"2024-07-08
                    ~
                    2026-03-31",https://www.baropharm.com/events/7314,https://i.baropharm.com/event/d1fb7eb4-69d8-4bd8-b2bf-c9b9f0189218.png?&w=752&q=95,바로팜 이벤트,,
Baropharm,💚[동성약품] 신제품 이벤트 이미지,,"2024-07-01
                    ~
                    2100-01-01",https://www.baropharm.com/events/6251,https://i.baropharm.com/event/9ab0898d-c6d6-4387-b2d5-21ae5fff14ca.png?&w=752&q=95,입점업체 이벤트,,
Baropharm,"🎖️현대약품 🥸루핑 점안액, 이건뭐약? 이미지",,"2024-05-08
                    ~
                    2026-05-21",https://www.baropharm.com/events/5839,https://i.baropharm.com/event/f3cec676-25be-4cb8-aafa-fb0154269338.png?&w=752&q=95,브랜드관 이벤트,,
Baropharm,"🎖️바로팜XSK케미칼🥸트라제트겔, 이건뭐약? 이미지",,"2024-04-29
                    ~
                    2026-05-12",https://www.baropharm.com/events/5684,https://i.baropharm.com/event/87593db8-0cec-4106-b633-d24c17806d71.png?&w=752&q=95,브랜드관 이벤트,,
Baropharm,🎉 바로Q에 물어봐! Baro 지식왕👑 이미지,,"2024-04-10
                    ~
                    2029-12-31",https://www.baropharm.com/events/5272,https://i.baropharm.com/event/143eef24-6a5f-4ae2-9d8b-b9e77307872d.png?&w=752&q=95,커뮤니티 이벤트,,
Baropharm,🎉바로팜x우리카드 프로모션 이미지,,"2024-04-01
                    ~
                    2026-05-31",https://www.baropharm.com/events/4219,https://i.baropharm.com/event/08d0fd01-49c3-4b78-bb89-2e3cf0473aea.png?&w=752&q=95,카드 프로모션,,
Baropharm,"🎖️SK케미칼X바로팜🥸노즈알, 이건뭐약? 이미지",,"2024-01-02
                    ~
                    2200-12-31",https://www.baropharm.com/events/3001,https://i.baropharm.com/event/b49f6a83-e0e5-4c39-a92a-51f35b03227d.png?&w=752&q=95,브랜드관 이벤트,,
Baropharm,🎉바로팜📦Baro통합반품 이미지,,"2023-12-20
                    ~
                    2030-01-01",https://www.baropharm.com/events/2883,https://i.baropharm.com/event/6ed2645f-d107-4fce-be5c-9c45916f850d.png?&w=752&q=95,바로팜 이벤트,,
Baropharm,🎉 바로팜XBC카드 프로모션 이미지,,"2024-04-01
                    ~
                    2026-05-31",https://www.baropharm.com/events/2028,https://i.baropharm.com/event/8026ec35-eac2-44a5-b5ec-a3e03c81a11e.png?&w=752&q=95,카드 프로모션,,
Baropharm,🎉바로팜x국민카드 프로모션 이미지,,"2023-01-01
                    ~
                    2026-05-31",https://www.baropharm.com/events/25,https://i.baropharm.com/event/00efc11d-41ac-4639-a364-2fff3f0793bb.png?&w=752&q=95,카드 프로모션,,
